position,entity name,examples,norms,RESTAURANT-TYPE
FOOD-TYPE,BEEF,소고기,소고기 구이,KOREAN
FOOD-TYPE,BEEF,쇠고기,소고기 구이,KOREAN
FOOD-TYPE,BEEF,우삼겹,소고기 구이,KOREAN
FOOD-TYPE,BEEF,차돌박이,소고기 구이,KOREAN
FOOD-TYPE,BEEF,한우,소고기 구이,KOREAN
FOOD-TYPE,BEEF,살치살,소고기 구이,KOREAN
FOOD-TYPE,BEEF,한우 양지,소고기 구이,KOREAN
FOOD-TYPE,BEEF,양지살,소고기 구이,KOREAN
FOOD-TYPE,BEEF,소고기 등심,소고기 구이,KOREAN
FOOD-TYPE,BEEF,등심,소고기 구이,KOREAN
FOOD-TYPE,BEEF,소 갈비,소고기 구이,KOREAN
FOOD-TYPE,PORK,돼지고기,돼지고기 구이,KOREAN
FOOD-TYPE,PORK,삼겹살,돼지고기 구이,KOREAN
FOOD-TYPE,PORK,돼지 목살,돼지고기 구이,KOREAN
FOOD-TYPE,PORK,대패 삼겹,돼지고기 구이,KOREAN
FOOD-TYPE,PORK,대패 삼겹살,돼지고기 구이,KOREAN
FOOD-TYPE,PORK,통 삼겹,돼지고기 구이,KOREAN
FOOD-TYPE,PORK,통 삼겹살,돼지고기 구이,KOREAN
FOOD-TYPE,PORK,오겹살,돼지고기 구이,KOREAN
FOOD-TYPE,PORK,돼지고기 삼겹살,돼지고기 구이,KOREAN
FOOD-TYPE,PORK,항정살,돼지고기 구이,KOREAN
FOOD-TYPE,PORK,목살,돼지고기 구이,KOREAN
FOOD-TYPE,PORK,돼지갈비,돼지고기 구이,KOREAN
FOOD-TYPE,PORK,갈비,돼지고기 구이,KOREAN
FOOD-TYPE,LAMB,양고기,양고기 요리,KOREAN
FOOD-TYPE,LAMB,양구이,양고기 요리,KOREAN
FOOD-TYPE,KOREAN-CHICKEN,닭고기,닭고기 요리,KOREAN
FOOD-TYPE,KOREAN-CHICKEN,닭모듬구이,닭고기 요리,KOREAN
FOOD-TYPE,KOREAN-CHICKEN,닭갈비,닭고기 요리,KOREAN
FOOD-TYPE,KOREAN-CHICKEN,닭구이,닭고기 요리,KOREAN
FOOD-TYPE,KOREAN-CHICKEN,닭발,닭고기 요리,KOREAN
FOOD-TYPE,KOREAN-CHICKEN,무뼈닭발,닭고기 요리,KOREAN
FOOD-TYPE,INTESTINE,곱창,곱창과 같은 내장요리,KOREAN
FOOD-TYPE,INTESTINE,곱창 전골,곱창과 같은 내장요리,KOREAN
FOOD-TYPE,INTESTINE,낙곱새,곱창과 같은 내장요리,KOREAN
FOOD-TYPE,INTESTINE,소곱창,곱창과 같은 내장요리,KOREAN
FOOD-TYPE,INTESTINE,양념 막창,곱창과 같은 내장요리,KOREAN
FOOD-TYPE,INTESTINE,모듬 곱창,곱창과 같은 내장요리,KOREAN
FOOD-TYPE,INTESTINE,소 곱창 전골,곱창과 같은 내장요리,KOREAN
FOOD-TYPE,INTESTINE,야채 곱창,곱창과 같은 내장요리,KOREAN
FOOD-TYPE,INTESTINE,소 막창,곱창과 같은 내장요리,KOREAN
FOOD-TYPE,INTESTINE,막창 구이,곱창과 같은 내장요리,KOREAN
FOOD-TYPE,INTESTINE,순대 볶음,곱창과 같은 내장요리,KOREAN
FOOD-TYPE,INTESTINE,곱창 구이,곱창과 같은 내장요리,KOREAN
FOOD-TYPE,BIBIMBAP,비빔밥,비빔밥,KOREAN
FOOD-TYPE,BIBIMBAP,돌솥 비빔밥,비빔밥,KOREAN
FOOD-TYPE,BIBIMBAP,전주 비빔밥,비빔밥,KOREAN
FOOD-TYPE,BIBIMBAP,육회 비빔밥,비빔밥,KOREAN
FOOD-TYPE,BIBIMBAP,열무 비빔밥,비빔밥,KOREAN
FOOD-TYPE,BIBIMBAP,꼬막 비빔밥,비빔밥,KOREAN
FOOD-TYPE,BIBIMBAP,산나물 비빔밥,비빔밥,KOREAN
FOOD-TYPE,K-SOUP,해물탕,국물요리,KOREAN
FOOD-TYPE,K-SOUP,알탕,국물요리,KOREAN
FOOD-TYPE,K-SOUP,꽃게탕,국물요리,KOREAN
FOOD-TYPE,K-SOUP,뼈 해장국,국물요리,KOREAN
FOOD-TYPE,K-SOUP,해장국,국물요리,KOREAN
FOOD-TYPE,K-SOUP,만두국,국물요리,KOREAN
FOOD-TYPE,K-SOUP,닭볶음탕,국물요리,KOREAN
FOOD-TYPE,K-SOUP,닭도리탕,국물요리,KOREAN
FOOD-TYPE,K-SOUP,삼계탕,국물요리,KOREAN
FOOD-TYPE,K-SOUP,백숙,국물요리,KOREAN
FOOD-TYPE,K-SOUP,추어탕,국물요리,KOREAN
FOOD-TYPE,K-SOUP,국밥,국물요리,KOREAN
FOOD-TYPE,K-SOUP,내장탕,국물요리,KOREAN
FOOD-TYPE,K-SOUP,순대국,국물요리,KOREAN
FOOD-TYPE,K-SOUP,순대 국밥,국물요리,KOREAN
FOOD-TYPE,K-SOUP,돼지 국밥,국물요리,KOREAN
FOOD-TYPE,K-SOUP,갈비 탕,국물요리,KOREAN
FOOD-TYPE,K-SOUP,설렁탕,국물요리,KOREAN
FOOD-TYPE,K-SOUP,곰탕,국물요리,KOREAN
FOOD-TYPE,K-SOUP,육개장,국물요리,KOREAN
FOOD-TYPE,K-SOUP,청국장,국물요리,KOREAN
FOOD-TYPE,K-SOUP,연포탕,국물요리,KOREAN
FOOD-TYPE,K-SOUP,콩나물 국밥,국물요리,KOREAN
FOOD-TYPE,K-SOUP,조개탕,국물요리,KOREAN
FOOD-TYPE,K-SOUP,사골 곰탕,국물요리,KOREAN
FOOD-TYPE,K-SOUP,누룽지 백숙,국물요리,KOREAN
FOOD-TYPE,K-SOUP,우족탕,국물요리,KOREAN
FOOD-TYPE,K-SOUP,특 순대국,국물요리,KOREAN
FOOD-TYPE,K-SOUP,선지국,국물요리,KOREAN
FOOD-TYPE,K-SOUP,선지 국밥,국물요리,KOREAN
FOOD-TYPE,K-SOUP,모듬 국밥,국물요리,KOREAN
FOOD-TYPE,K-SOUP,소고기 국밥,국물요리,KOREAN
FOOD-TYPE,K-SOUP,순댓국,국물요리,KOREAN
FOOD-TYPE,STEW,김치 찌개,찌개요리,KOREAN
FOOD-TYPE,STEW,부대 찌개,찌개요리,KOREAN
FOOD-TYPE,STEW,순두부 찌개,찌개요리,KOREAN
FOOD-TYPE,STEW,된장 찌개,찌개요리,KOREAN
FOOD-TYPE,STEAMD,김치찜,찜 종류,KOREAN
FOOD-TYPE,STEAMD,찜닭,찜 종류,KOREAN
FOOD-TYPE,STEAMD,해물찜,찜 종류,KOREAN
FOOD-TYPE,STEAMD,아구찜,찜 종류,KOREAN
FOOD-TYPE,STEAMD,알찜,찜 종류,KOREAN
FOOD-TYPE,STEAMD,갈비찜,찜 종류,KOREAN
FOOD-TYPE,STEAMD,뼈 찜,찜 종류,KOREAN
FOOD-TYPE,STEAMD,조개찜,찜 종류,KOREAN
FOOD-TYPE,STEAMD,뽈 찜,찜 종류,KOREAN
FOOD-TYPE,STEAMD,킹크랩,찜 종류,KOREAN
FOOD-TYPE,STEAMD,대게,찜 종류,KOREAN
FOOD-TYPE,PORK-CUTLET,돈까스,돈까스,KOREAN
FOOD-TYPE,PORK-CUTLET,돈가스,돈까스,KOREAN
FOOD-TYPE,PORK-CUTLET,치즈 돈까스,돈까스,KOREAN
FOOD-TYPE,PORK-CUTLET,피자 돈까스,돈까스,KOREAN
FOOD-TYPE,BULGOGI,불고기,불고기,KOREAN
FOOD-TYPE,BULGOGI,뚝배기 불고기,불고기,KOREAN
FOOD-TYPE,BULGOGI,뚝불,불고기,KOREAN
FOOD-TYPE,BAEKBAN,백반,한상으로 나오는 한식요리,KOREAN
FOOD-TYPE,BAEKBAN,불백,한상으로 나오는 한식요리,KOREAN
FOOD-TYPE,BAEKBAN,쌈밥,한상으로 나오는 한식요리,KOREAN
FOOD-TYPE,BOSSAM,보쌈,삶은 고기요리,KOREAN
FOOD-TYPE,BOSSAM,족발,삶은 고기요리,KOREAN
FOOD-TYPE,BOSSAM,수육,삶은 고기요리,KOREAN
FOOD-TYPE,BOSSAM,모듬 수육,삶은 고기요리,KOREAN
FOOD-TYPE,COLD-NOODLE,냉면,시원한 면요리,KOREAN
FOOD-TYPE,COLD-NOODLE,비빔 냉면,시원한 면요리,KOREAN
FOOD-TYPE,COLD-NOODLE,물 냉면,시원한 면요리,KOREAN
FOOD-TYPE,COLD-NOODLE,밀면,시원한 면요리,KOREAN
FOOD-TYPE,COLD-NOODLE,물회,시원한 면요리,KOREAN
FOOD-TYPE,COLD-NOODLE,물냉,시원한 면요리,KOREAN
FOOD-TYPE,COLD-NOODLE,비냉,시원한 면요리,KOREAN
FOOD-TYPE,COLD-NOODLE,막국수,시원한 면요리,KOREAN
FOOD-TYPE,COLD-NOODLE,비빔 막국수,시원한 면요리,KOREAN
FOOD-TYPE,HOT-NOODLE,국수,따뜻한 면요리,KOREAN
FOOD-TYPE,HOT-NOODLE,칼국수,따뜻한 면요리,KOREAN
FOOD-TYPE,HOT-NOODLE,수제비,따뜻한 면요리,KOREAN
FOOD-TYPE,HOT-NOODLE,칼제비,따뜻한 면요리,KOREAN
FOOD-TYPE,HOT-NOODLE,고기 국수,따뜻한 면요리,KOREAN
FOOD-TYPE,HOT-NOODLE,잔치 국수,따뜻한 면요리,KOREAN
FOOD-TYPE,KOREAN-PANCAKE,부침개,부침개,KOREAN
FOOD-TYPE,KOREAN-PANCAKE,전,부침개,KOREAN
FOOD-TYPE,KOREAN-PANCAKE,해물파전,부침개,KOREAN
FOOD-TYPE,KOREAN-PANCAKE,김치전,부침개,KOREAN
FOOD-TYPE,KOREAN-PANCAKE,전병,부침개,KOREAN
FOOD-TYPE,PORRIDGE,죽,죽,KOREAN
FOOD-TYPE,PORRIDGE,전복 죽,죽,KOREAN
FOOD-TYPE,PORRIDGE,팥 죽,죽,KOREAN
FOOD-TYPE,PORRIDGE,단팥 죽,죽,KOREAN
FOOD-TYPE,PORRIDGE,호박 죽,죽,KOREAN
FOOD-TYPE,PORRIDGE,낙지 김치 죽,죽,KOREAN
FOOD-TYPE,PORRIDGE,잣 죽,죽,KOREAN
FOOD-TYPE,PORRIDGE,소고기 죽,죽,KOREAN
FOOD-TYPE,PORRIDGE,참치 죽,죽,KOREAN
FOOD-TYPE,PORRIDGE,참치 야채 죽,죽,KOREAN
FOOD-TYPE,TTEOKBOKKI,떡볶이,떡볶이,SNACK
FOOD-TYPE,TTEOKBOKKI,컵볶이,떡볶이,SNACK
FOOD-TYPE,TTEOKBOKKI,즉석 떡볶이,떡볶이,SNACK
FOOD-TYPE,TTEOKBOKKI,떡보끼,떡볶이,SNACK
FOOD-TYPE,TTEOKBOKKI,닭 떡볶이,떡볶이,SNACK
FOOD-TYPE,TTEOKBOKKI,로제 떡볶이,떡볶이,SNACK
FOOD-TYPE,TTEOKBOKKI,치즈 떡볶이,떡볶이,SNACK
FOOD-TYPE,TTEOKBOKKI,엽떡,떡볶이,SNACK
FOOD-TYPE,SUNDAE,순대,순대,SNACK
FOOD-TYPE,SUNDAE,찹쌀 순대,순대,SNACK
FOOD-TYPE,SUNDAE,병천순대,순대,SNACK
FOOD-TYPE,SUNDAE,찰순대,순대,SNACK
FOOD-TYPE,KIMBAP,김밥,김밥,SNACK
FOOD-TYPE,KIMBAP,참치 김밥,김밥,SNACK
FOOD-TYPE,KIMBAP,치즈 김밥,김밥,SNACK
FOOD-TYPE,KIMBAP,불고기 김밥,김밥,SNACK
FOOD-TYPE,MANDOO,만두,만두,SNACK
FOOD-TYPE,MANDOO,야끼 만두,만두,SNACK
FOOD-TYPE,MANDOO,튀김 만두,만두,SNACK
FOOD-TYPE,MANDOO,만두 튀김,만두,SNACK
FOOD-TYPE,MANDOO,찐만두,만두,SNACK
FOOD-TYPE,MANDOO,김치 만두,만두,SNACK
FOOD-TYPE,MANDOO,고기 만두,만두,SNACK
FOOD-TYPE,RAMYEON,라면,라면,SNACK
FOOD-TYPE,RAMYEON,치즈 라면,라면,SNACK
FOOD-TYPE,RAMYEON,떡 라면,라면,SNACK
FOOD-TYPE,RAMYEON,해물 라면,라면,SNACK
FOOD-TYPE,SKEWER,떡꼬치,간단한 꼬치 간식,SNACK
FOOD-TYPE,SKEWER,소떡 소떡,간단한 꼬치 간식,SNACK
FOOD-TYPE,SKEWER,닭꼬치,간단한 꼬치 간식,SNACK
FOOD-TYPE,SNACK-FRIED,닭강정,분식 튀김요리,SNACK
FOOD-TYPE,SNACK-FRIED,컵닭,분식 튀김요리,SNACK
FOOD-TYPE,SNACK-FRIED,순살 닭강정,분식 튀김요리,SNACK
FOOD-TYPE,SNACK-FRIED,팝콘 치킨,분식 튀김요리,SNACK
FOOD-TYPE,SNACK-FRIED,야채 튀김,분식 튀김요리,SNACK
FOOD-TYPE,SNACK-FRIED,김말이,분식 튀김요리,SNACK
FOOD-TYPE,SNACK-FRIED,고구마 튀김,분식 튀김요리,SNACK
FOOD-TYPE,SNACK-FRIED,상추 튀김,분식 튀김요리,SNACK
FOOD-TYPE,SNACK-FRIED,순대 튀김,분식 튀김요리,SNACK
FOOD-TYPE,SNACK-FRIED,피카츄 돈까스,분식 튀김요리,SNACK
FOOD-TYPE,SNACK-FRIED,피카츄 돈가스,분식 튀김요리,SNACK
FOOD-TYPE,SNACK-FRIED,고추 튀김,분식 튀김요리,SNACK
FOOD-TYPE,JAJANGMYEON,짜장면,짜장면,CHINESE
FOOD-TYPE,JAJANGMYEON,자장면,짜장면,CHINESE
FOOD-TYPE,JAJANGMYEON,유니 짜장,짜장면,CHINESE
FOOD-TYPE,JAJANGMYEON,유니 짜장면,짜장면,CHINESE
FOOD-TYPE,JAJANGMYEON,유니 자장,짜장면,CHINESE
FOOD-TYPE,JAJANGMYEON,유니 자장면,짜장면,CHINESE
FOOD-TYPE,JAJANGMYEON,짜장,짜장면,CHINESE
FOOD-TYPE,JAJANGMYEON,고추 짜장,짜장면,CHINESE
FOOD-TYPE,JAJANGMYEON,고추 짜장면,짜장면,CHINESE
FOOD-TYPE,JAJANGMYEON,쟁반 짜장,짜장면,CHINESE
FOOD-TYPE,JAJANGMYEON,쟁반 짜장면,짜장면,CHINESE
FOOD-TYPE,JAJANGMYEON,삼선 짜장면,짜장면,CHINESE
FOOD-TYPE,JAJANGMYEON,삼선 짜장,짜장면,CHINESE
FOOD-TYPE,JAJANGMYEON,삼선 자장,짜장면,CHINESE
FOOD-TYPE,JAJANGMYEON,간짜장,짜장면,CHINESE
FOOD-TYPE,JAJANGMYEON,간자장,짜장면,CHINESE
FOOD-TYPE,JJAMPPONG,짬뽕,짬뽕,CHINESE
FOOD-TYPE,JJAMPPONG,마라 짬뽕,짬뽕,CHINESE
FOOD-TYPE,JJAMPPONG,볶음 짬뽕,짬뽕,CHINESE
FOOD-TYPE,JJAMPPONG,고추 짬뽕,짬뽕,CHINESE
FOOD-TYPE,JJAMPPONG,쟁반 짬뽕,짬뽕,CHINESE
FOOD-TYPE,JJAMPPONG,삼선 짬뽕,짬뽕,CHINESE
FOOD-TYPE,JJAMPPONG,해물 짬뽕,짬뽕,CHINESE
FOOD-TYPE,JJAMPPONG,오징어 짬뽕,짬뽕,CHINESE
FOOD-TYPE,JJAMPPONG,차돌 짬뽕,짬뽕,CHINESE
FOOD-TYPE,JJAMPPONG,냉짬뽕,짬뽕,CHINESE
FOOD-TYPE,JJAMPPONG,짬뽕 밥,짬뽕,CHINESE
FOOD-TYPE,GUO-BARO,탕수육,탕수육,CHINESE
FOOD-TYPE,GUO-BARO,꿔바로우,탕수육,CHINESE
FOOD-TYPE,GUO-BARO,사천 탕수육,탕수육,CHINESE
FOOD-TYPE,GUO-BARO,찹쌀 탕수육,탕수육,CHINESE
FOOD-TYPE,FRIED-RICE,볶음밥,볶음밥,CHINESE
FOOD-TYPE,FRIED-RICE,삼선 볶음밥,볶음밥,CHINESE
FOOD-TYPE,FRIED-RICE,중화볶음밥,볶음밥,CHINESE
FOOD-TYPE,DEOPBAP,덮밥,덮밥,CHINESE
FOOD-TYPE,DEOPBAP,마파두부 덮밥,덮밥,CHINESE
FOOD-TYPE,DEOPBAP,마파 두부밥,덮밥,CHINESE
FOOD-TYPE,DEOPBAP,잡채 밥,덮밥,CHINESE
FOOD-TYPE,DEOPBAP,잡탕 밥,덮밥,CHINESE
FOOD-TYPE,DEOPBAP,송이 덮밥,덮밥,CHINESE
FOOD-TYPE,DEOPBAP,중화 덮밥,덮밥,CHINESE
FOOD-TYPE,DEOPBAP,중화풍 덮밥,덮밥,CHINESE
FOOD-TYPE,DEOPBAP,중화풍 해물 덮밥,덮밥,CHINESE
FOOD-TYPE,STIR-FRIED,가지 볶음,중국식 볶음요리,CHINESE
FOOD-TYPE,STIR-FRIED,중국식 가지 볶음,중국식 볶음요리,CHINESE
FOOD-TYPE,STIR-FRIED,중국식 가지 요리,중국식 볶음요리,CHINESE
FOOD-TYPE,STIR-FRIED,사천식 가지 볶음,중국식 볶음요리,CHINESE
FOOD-TYPE,STIR-FRIED,난자 완스,중국식 볶음요리,CHINESE
FOOD-TYPE,STIR-FRIED,유산슬,중국식 볶음요리,CHINESE
FOOD-TYPE,STIR-FRIED,류산슬,중국식 볶음요리,CHINESE
FOOD-TYPE,STIR-FRIED,양장피,중국식 볶음요리,CHINESE
FOOD-TYPE,STIR-FRIED,팔보채,중국식 볶음요리,CHINESE
FOOD-TYPE,CHINESE-FRIED,가지 튀김,중국식 튀김요리,CHINESE
FOOD-TYPE,CHINESE-FRIED,지삼선,중국식 튀김요리,CHINESE
FOOD-TYPE,CHINESE-FRIED,깐풍기,중국식 튀김요리,CHINESE
FOOD-TYPE,CHINESE-FRIED,유린기,중국식 튀김요리,CHINESE
FOOD-TYPE,CHINESE-FRIED,라조기,중국식 튀김요리,CHINESE
FOOD-TYPE,CHINESE-FRIED,칠리 새우,중국식 튀김요리,CHINESE
FOOD-TYPE,CHINESE-FRIED,깐쇼 새우,중국식 튀김요리,CHINESE
FOOD-TYPE,CHINESE-FRIED,크림 새우,중국식 튀김요리,CHINESE
FOOD-TYPE,CHINESE-FRIED,멘보샤,중국식 튀김요리,CHINESE
FOOD-TYPE,CHINESE-FRIED,군만두,중국식 튀김요리,CHINESE
FOOD-TYPE,MARA,마라탕,마라요리,CHINESE
FOOD-TYPE,MARA,마라룽샤,마라요리,CHINESE
FOOD-TYPE,MARA,마라롱셔,마라요리,CHINESE
FOOD-TYPE,MARA,마라샹궈,마라요리,CHINESE
FOOD-TYPE,MARA,훠궈,마라요리,CHINESE
FOOD-TYPE,SUSHI,초밥,초밥,JAPANESE
FOOD-TYPE,SUSHI,롤,초밥,JAPANESE
FOOD-TYPE,SUSHI,스시,초밥,JAPANESE
FOOD-TYPE,SUSHI,광어 초밥,초밥,JAPANESE
FOOD-TYPE,SUSHI,연어 초밥,초밥,JAPANESE
FOOD-TYPE,SUSHI,회전 초밥,초밥,JAPANESE
FOOD-TYPE,UDON,우동,일본식 면요리,JAPANESE
FOOD-TYPE,UDON,튀김 우동,일본식 면요리,JAPANESE
FOOD-TYPE,UDON,야끼 우동,일본식 면요리,JAPANESE
FOOD-TYPE,UDON,야끼 소바,일본식 면요리,JAPANESE
FOOD-TYPE,UDON,볶음 우동,일본식 면요리,JAPANESE
FOOD-TYPE,UDON,라멘,일본식 면요리,JAPANESE
FOOD-TYPE,UDON,미소 라멘,일본식 면요리,JAPANESE
FOOD-TYPE,UDON,돈코츠 라멘,일본식 면요리,JAPANESE
FOOD-TYPE,SASHIMI,회,회,JAPANESE
FOOD-TYPE,SASHIMI,광어 회,회,JAPANESE
FOOD-TYPE,SASHIMI,우럭 회,회,JAPANESE
FOOD-TYPE,SASHIMI,도미 회,회,JAPANESE
FOOD-TYPE,SASHIMI,참치 회,회,JAPANESE
FOOD-TYPE,SASHIMI,연어 회,회,JAPANESE
FOOD-TYPE,SASHIMI,사시미,회,JAPANESE
FOOD-TYPE,TENPURA,가라아게,일본식 튀김요리,JAPANESE
FOOD-TYPE,TENPURA,돈카츠,일본식 튀김요리,JAPANESE
FOOD-TYPE,TENPURA,규카츠,일본식 튀김요리,JAPANESE
FOOD-TYPE,TENPURA,덴뿌라,일본식 튀김요리,JAPANESE
FOOD-TYPE,TENPURA,덴푸라,일본식 튀김요리,JAPANESE
FOOD-TYPE,YAKKI,타코 야끼,일본식 야끼요리,JAPANESE
FOOD-TYPE,YAKKI,오코노미 야끼,일본식 야끼요리,JAPANESE
FOOD-TYPE,YAKKI,스끼 야끼,일본식 야끼요리,JAPANESE
FOOD-TYPE,YAKKI,스키 야키,일본식 야끼요리,JAPANESE
FOOD-TYPE,YAKKI,타다끼,일본식 야끼요리,JAPANESE
FOOD-TYPE,YAKKI,타타키,일본식 야끼요리,JAPANESE
FOOD-TYPE,YAKKI,타다키,일본식 야끼요리,JAPANESE
FOOD-TYPE,YAKKI,타마고야끼,일본식 야끼요리,JAPANESE
FOOD-TYPE,YAKKI,타마고야키,일본식 야끼요리,JAPANESE
FOOD-TYPE,YAKKI,야키니쿠,일본식 야끼요리,JAPANESE
FOOD-TYPE,YAKKI,야끼니쿠,일본식 야끼요리,JAPANESE
FOOD-TYPE,YAKKI,야끼니꾸,일본식 야끼요리,JAPANESE
FOOD-TYPE,STEAK,스테이크,스테이크,WESTERN
FOOD-TYPE,STEAK,티본 스테이크,스테이크,WESTERN
FOOD-TYPE,STEAK,립아이 스테이크,스테이크,WESTERN
FOOD-TYPE,STEAK,안심 스테이크,스테이크,WESTERN
FOOD-TYPE,STEAK,등심 스테이크,스테이크,WESTERN
FOOD-TYPE,STEAK,바비큐,스테이크,WESTERN
FOOD-TYPE,STEAK,바베큐,스테이크,WESTERN
FOOD-TYPE,STEAK,토마호크,스테이크,WESTERN
FOOD-TYPE,STEAK,돈마호크,스테이크,WESTERN
FOOD-TYPE,STEAK,함박 스테이크,스테이크,WESTERN
FOOD-TYPE,STEAK,햄버그 스테이크,스테이크,WESTERN
FOOD-TYPE,SALAD,샐러드,샐러드,WESTERN
FOOD-TYPE,SALAD,목살 샐러드,샐러드,WESTERN
FOOD-TYPE,SALAD,연어 샐러드,샐러드,WESTERN
FOOD-TYPE,SALAD,닭가슴살 샐러드,샐러드,WESTERN
FOOD-TYPE,SALAD,콥 샐러드,샐러드,WESTERN
FOOD-TYPE,PASTA,스파게티,파스타,WESTERN
FOOD-TYPE,PASTA,알리오 올리오,파스타,WESTERN
FOOD-TYPE,PASTA,크림 파스타,파스타,WESTERN
FOOD-TYPE,PASTA,크림 스파게티,파스타,WESTERN
FOOD-TYPE,PASTA,까르보나라,파스타,WESTERN
FOOD-TYPE,PASTA,토마토 파스타,파스타,WESTERN
FOOD-TYPE,PASTA,토마토 스파게티,파스타,WESTERN
FOOD-TYPE,PASTA,라자냐,파스타,WESTERN
FOOD-TYPE,PASTA,뇨끼,파스타,WESTERN
FOOD-TYPE,HAMBURGER,햄버거,햄버거,WESTERN
FOOD-TYPE,HAMBURGER,수제버거,햄버거,WESTERN
FOOD-TYPE,HAMBURGER,수제 햄버거,햄버거,WESTERN
FOOD-TYPE,HAMBURGER,와퍼,햄버거,WESTERN
FOOD-TYPE,SANDWICH,샌드위치,샌드위치,WESTERN
FOOD-TYPE,SANDWICH,치킨 샌드위치,샌드위치,WESTERN
FOOD-TYPE,SANDWICH,연어 샌드위치,샌드위치,WESTERN
FOOD-TYPE,SANDWICH,불고기 샌드위치,샌드위치,WESTERN
FOOD-TYPE,RISOTTO,리조또,리조또,WESTERN
FOOD-TYPE,RISOTTO,필라프,리조또,WESTERN
FOOD-TYPE,RISOTTO,도리아,리조또,WESTERN
FOOD-TYPE,RISOTTO,그라탕,리조또,WESTERN
FOOD-TYPE,SOUP,스프,스프,WESTERN
FOOD-TYPE,SOUP,수프,스프,WESTERN
FOOD-TYPE,SOUP,양송이 스프,스프,WESTERN
FOOD-TYPE,SOUP,양송이 수프,스프,WESTERN
FOOD-TYPE,SOUP,콘 스프,스프,WESTERN
FOOD-TYPE,SOUP,콘 수프,스프,WESTERN
FOOD-TYPE,SOUP,옥수수 스프,스프,WESTERN
FOOD-TYPE,SOUP,옥수수 수프,스프,WESTERN
FOOD-TYPE,SOUP,어니언 스프,스프,WESTERN
FOOD-TYPE,SOUP,어니언 수프,스프,WESTERN
FOOD-TYPE,SOUP,호박 스프,스프,WESTERN
FOOD-TYPE,SOUP,호박 수프,스프,WESTERN
FOOD-TYPE,SOUP,단호박 스프,스프,WESTERN
FOOD-TYPE,SOUP,단호박 수프,스프,WESTERN
FOOD-TYPE,WESTERN-CHICKEN,치킨,치킨,WESTERN
FOOD-TYPE,WESTERN-CHICKEN,프라이드 치킨,치킨,WESTERN
FOOD-TYPE,WESTERN-CHICKEN,양념 치킨,치킨,WESTERN
FOOD-TYPE,WESTERN-CHICKEN,후라이드 치킨,치킨,WESTERN
FOOD-TYPE,WESTERN-CHICKEN,통닭,치킨,WESTERN
FOOD-TYPE,WESTERN-CHICKEN,파닭,치킨,WESTERN
FOOD-TYPE,PIZZA,피자,피자,WESTERN
FOOD-TYPE,PIZZA,화덕 피자,피자,WESTERN
FOOD-TYPE,PIZZA,페퍼로니 피자,피자,WESTERN
FOOD-TYPE,PIZZA,페페로니 피자,피자,WESTERN
FOOD-TYPE,PIZZA,페퍼로니,피자,WESTERN
FOOD-TYPE,PIZZA,페페로니,피자,WESTERN
FOOD-TYPE,PIZZA,콤비네이션 피자,피자,WESTERN
FOOD-TYPE,PIZZA,콤비네이션,피자,WESTERN
FOOD-TYPE,PIZZA,컴비네이션 피자,피자,WESTERN
FOOD-TYPE,PIZZA,컴비네이션,피자,WESTERN
FOOD-TYPE,PIZZA,나폴리 피자,피자,WESTERN
FOOD-TYPE,PIZZA,마르게리타 피자,피자,WESTERN
FOOD-TYPE,PIZZA,마르게리타,피자,WESTERN
FOOD-TYPE,PIZZA,마르게리따 피자,피자,WESTERN
FOOD-TYPE,PIZZA,마르게리따,피자,WESTERN
FOOD-TYPE,PIZZA,치즈 피자,피자,WESTERN
FOOD-TYPE,PIZZA,불고기 피자,피자,WESTERN
FOOD-TYPE,PIZZA,고구마 피자,피자,WESTERN
FOOD-TYPE,PIZZA,포테이토 피자,피자,WESTERN
FOOD-TYPE,VIETNAM,쌀국수,베트남 요리 종류,WORLD
FOOD-TYPE,VIETNAM,양지 쌀국수,베트남 요리 종류,WORLD
FOOD-TYPE,VIETNAM,차돌 쌀국수,베트남 요리 종류,WORLD
FOOD-TYPE,VIETNAM,분짜,베트남 요리 종류,WORLD
FOOD-TYPE,VIETNAM,분보 후에,베트남 요리 종류,WORLD
FOOD-TYPE,VIETNAM,짜조,베트남 요리 종류,WORLD
FOOD-TYPE,VIETNAM,반미,베트남 요리 종류,WORLD
FOOD-TYPE,THAILAND,똠얌꿍,태국 요리 종류,WORLD
FOOD-TYPE,THAILAND,똠얌,태국 요리 종류,WORLD
FOOD-TYPE,THAILAND,솜땀,태국 요리 종류,WORLD
FOOD-TYPE,THAILAND,카오팟,태국 요리 종류,WORLD
FOOD-TYPE,MAXICO,타코,멕시코 요리 종류,WORLD
FOOD-TYPE,MAXICO,퀘사디아,멕시코 요리 종류,WORLD
FOOD-TYPE,MAXICO,부리또,멕시코 요리 종류,WORLD
FOOD-TYPE,MAXICO,브리또,멕시코 요리 종류,WORLD
FOOD-TYPE,INDIA,커리,인도 요리 종류,WORLD
FOOD-TYPE,INDIA,난,인도 요리 종류,WORLD
FOOD-TYPE,INDIA,사모사,인도 요리 종류,WORLD
FOOD-TYPE,INDIA,탄두리 치킨,인도 요리 종류,WORLD
FOOD-TYPE,INDIA,치킨 마크니,인도 요리 종류,WORLD
FOOD-TYPE,INDIA,팔락 파니르,인도 요리 종류,WORLD
FOOD-TYPE,INDIA,치킨 티카 마살라,인도 요리 종류,WORLD
FOOD-TYPE,TURKEY,케밥,터키 요리 종류,WORLD
FOOD-TYPE,TURKEY,비프 케밥,터키 요리 종류,WORLD
FOOD-TYPE,TURKEY,소고기 케밥,터키 요리 종류,WORLD
FOOD-TYPE,TURKEY,돼지고기 케밥,터키 요리 종류,WORLD
FOOD-TYPE,TURKEY,포크 케밥,터키 요리 종류,WORLD
FOOD-TYPE,INDONESIA,나시고랭,인도네시아 요리 종류,WORLD
FOOD-TYPE,INDONESIA,른당,인도네시아 요리 종류,WORLD
FOOD-TYPE,INDONESIA,사떼,인도네시아 요리 종류,WORLD
FOOD-TYPE,INDONESIA,소토,인도네시아 요리 종류,WORLD
FOOD-TYPE,COFFEE,커피,커피 종류,CAFE
FOOD-TYPE,COFFEE,아인슈페너,커피 종류,CAFE
FOOD-TYPE,COFFEE,비엔나 커피,커피 종류,CAFE
FOOD-TYPE,COFFEE,플랫 화이트,커피 종류,CAFE
FOOD-TYPE,COFFEE,에스프레소,커피 종류,CAFE
FOOD-TYPE,COFFEE,아메리카노,커피 종류,CAFE
FOOD-TYPE,COFFEE,아이스 아메리카노,커피 종류,CAFE
FOOD-TYPE,COFFEE,아아,커피 종류,CAFE
FOOD-TYPE,COFFEE,뜨아,커피 종류,CAFE
FOOD-TYPE,COFFEE,따아,커피 종류,CAFE
FOOD-TYPE,COFFEE,카푸치노,커피 종류,CAFE
FOOD-TYPE,COFFEE,아이스 카푸치노,커피 종류,CAFE
FOOD-TYPE,COFFEE,모카치노,커피 종류,CAFE
FOOD-TYPE,COFFEE,아이스 모카치노,커피 종류,CAFE
FOOD-TYPE,COFFEE,카페모카,커피 종류,CAFE
FOOD-TYPE,COFFEE,아이스 카페모카,커피 종류,CAFE
FOOD-TYPE,COFFEE,카페라떼,커피 종류,CAFE
FOOD-TYPE,COFFEE,아이스 카페라떼,커피 종류,CAFE
FOOD-TYPE,COFFEE,카페라테,커피 종류,CAFE
FOOD-TYPE,COFFEE,라떼,커피 종류,CAFE
FOOD-TYPE,COFFEE,아이스 라떼,커피 종류,CAFE
FOOD-TYPE,COFFEE,바닐라 라떼,커피 종류,CAFE
FOOD-TYPE,COFFEE,아바라,커피 종류,CAFE
FOOD-TYPE,COFFEE,헤이즐넛 라떼,커피 종류,CAFE
FOOD-TYPE,COFFEE,아이스 바닐라 라떼,커피 종류,CAFE
FOOD-TYPE,COFFEE,아이스 헤이즐넛 라떼,커피 종류,CAFE
FOOD-TYPE,COFFEE,아이스 카페라테,커피 종류,CAFE
FOOD-TYPE,COFFEE,아이스 카라멜마끼아또,커피 종류,CAFE
FOOD-TYPE,COFFEE,카라멜 마끼아또,커피 종류,CAFE
FOOD-TYPE,COFFEE,아이스 카라멜 마끼아또,커피 종류,CAFE
FOOD-TYPE,NON-COFFEE,미숫가루,커피가 아닌 음료,CAFE
FOOD-TYPE,NON-COFFEE,녹차,커피가 아닌 음료,CAFE
FOOD-TYPE,NON-COFFEE,주스,커피가 아닌 음료,CAFE
FOOD-TYPE,NON-COFFEE,스무디,커피가 아닌 음료,CAFE
FOOD-TYPE,NON-COFFEE,핫초코,커피가 아닌 음료,CAFE
FOOD-TYPE,NON-COFFEE,코코아,커피가 아닌 음료,CAFE
FOOD-TYPE,NON-COFFEE,아이스 티,커피가 아닌 음료,CAFE
FOOD-TYPE,NON-COFFEE,바나나 주스,커피가 아닌 음료,CAFE
FOOD-TYPE,NON-COFFEE,딸기 우유,커피가 아닌 음료,CAFE
FOOD-TYPE,NON-COFFEE,딸기 라떼,커피가 아닌 음료,CAFE
FOOD-TYPE,NON-COFFEE,초코 바나나 스무디,커피가 아닌 음료,CAFE
FOOD-TYPE,NON-COFFEE,딸기 바나나 스무디,커피가 아닌 음료,CAFE
FOOD-TYPE,NON-COFFEE,버블 티,커피가 아닌 음료,CAFE
FOOD-TYPE,ADE,에이드,탄산이 들어간 음료,CAFE
FOOD-TYPE,ADE,자몽 에이드,탄산이 들어간 음료,CAFE
FOOD-TYPE,ADE,오렌지 에이드,탄산이 들어간 음료,CAFE
FOOD-TYPE,ADE,레몬 에이드,탄산이 들어간 음료,CAFE
FOOD-TYPE,ADE,레모네이드,탄산이 들어간 음료,CAFE
FOOD-TYPE,ADE,블루레몬 에이드,탄산이 들어간 음료,CAFE
FOOD-TYPE,ADE,블루레모네이드,탄산이 들어간 음료,CAFE
FOOD-TYPE,ADE,와인 에이드,탄산이 들어간 음료,CAFE
FOOD-TYPE,ADE,베리 에이드,탄산이 들어간 음료,CAFE
FOOD-TYPE,ADE,아사이 베리 에이드,탄산이 들어간 음료,CAFE
FOOD-TYPE,ADE,망고 에이드,탄산이 들어간 음료,CAFE
FOOD-TYPE,ADE,모히또,탄산이 들어간 음료,CAFE
FOOD-TYPE,ADE,라임 모히또,탄산이 들어간 음료,CAFE
FOOD-TYPE,ADE,자몽 모히또,탄산이 들어간 음료,CAFE
FOOD-TYPE,ADE,애플 모히또,탄산이 들어간 음료,CAFE
FOOD-TYPE,TEA,홍차,찻잎을 우린 음료,CAFE
FOOD-TYPE,TEA,얼그레이 티,찻잎을 우린 음료,CAFE
FOOD-TYPE,TEA,얼그레이 차,찻잎을 우린 음료,CAFE
FOOD-TYPE,TEA,블랙 티,찻잎을 우린 음료,CAFE
FOOD-TYPE,TEA,잉글리시 브렉퍼스트티,찻잎을 우린 음료,CAFE
FOOD-TYPE,TEA,잉글리쉬 브렉퍼스트티,찻잎을 우린 음료,CAFE
FOOD-TYPE,TEA,브렉퍼스트 티,찻잎을 우린 음료,CAFE
FOOD-TYPE,TEA,브랙퍼스트 티,찻잎을 우린 음료,CAFE
FOOD-TYPE,TEA,카모마일 차,찻잎을 우린 음료,CAFE
FOOD-TYPE,TEA,캐모마일 차,찻잎을 우린 음료,CAFE
FOOD-TYPE,TEA,카모마일 티,찻잎을 우린 음료,CAFE
FOOD-TYPE,TEA,캐모마일 티,찻잎을 우린 음료,CAFE
FOOD-TYPE,TEA,밀크 티,찻잎을 우린 음료,CAFE
FOOD-TYPE,TEA,타로 밀크 티,찻잎을 우린 음료,CAFE
FOOD-TYPE,TEA,우롱 밀크 티,찻잎을 우린 음료,CAFE
FOOD-TYPE,TEA,녹차 밀크 티,찻잎을 우린 음료,CAFE
FOOD-TYPE,TEA,블랙 밀크 티,찻잎을 우린 음료,CAFE
FOOD-TYPE,TEA,얼그레이 밀크 티,찻잎을 우린 음료,CAFE
FOOD-TYPE,TEA,초콜렛 밀크 티,찻잎을 우린 음료,CAFE
FOOD-TYPE,TEA,초콜릿 밀크 티,찻잎을 우린 음료,CAFE
FOOD-TYPE,TEA,초코 밀크 티,찻잎을 우린 음료,CAFE
FOOD-TYPE,BAKERY,빵,베이커리,CAFE
FOOD-TYPE,BAKERY,식빵,베이커리,CAFE
FOOD-TYPE,BAKERY,스콘,베이커리,CAFE
FOOD-TYPE,BAKERY,슈,베이커리,CAFE
FOOD-TYPE,BAKERY,도넛,베이커리,CAFE
FOOD-TYPE,BAKERY,도너츠,베이커리,CAFE
FOOD-TYPE,BAKERY,베이글,베이커리,CAFE
FOOD-TYPE,BAKERY,와플,베이커리,CAFE
FOOD-TYPE,BAKERY,크로플,베이커리,CAFE
FOOD-TYPE,BAKERY,츄러스,베이커리,CAFE
FOOD-TYPE,BAKERY,꽈배기,베이커리,CAFE
FOOD-TYPE,BAKERY,고로케,베이커리,CAFE
FOOD-TYPE,BAKERY,크로와상,베이커리,CAFE
FOOD-TYPE,BAKERY,치아바타,베이커리,CAFE
FOOD-TYPE,BAKERY,앙버터,베이커리,CAFE
FOOD-TYPE,BAKERY,도넛츠,베이커리,CAFE
FOOD-TYPE,BAKERY,머핀,베이커리,CAFE
FOOD-TYPE,BAKERY,브라우니,베이커리,CAFE
FOOD-TYPE,BAKERY,에그 타르트,베이커리,CAFE
FOOD-TYPE,CAKE,케이크,케이크,CAFE
FOOD-TYPE,CAKE,케잌,케이크,CAFE
FOOD-TYPE,CAKE,컵 케이크,케이크,CAFE
FOOD-TYPE,CAKE,파운드 케이크,케이크,CAFE
FOOD-TYPE,CAKE,아이스크림,케이크,CAFE
FOOD-TYPE,BINGSU,빙수,차가운 디저트,CAFE
FOOD-TYPE,BINGSU,팥빙수,차가운 디저트,CAFE
FOOD-TYPE,YOGURT,요거트,요거트,CAFE
FOOD-TYPE,YOGURT,그릭 요거트,요거트,CAFE
FOOD-TYPE,YOGURT,아사이볼,요거트,CAFE
FOOD-TYPE,SOJU,소주,소주,PUB
FOOD-TYPE,SOJU,안동소주,소주,PUB
FOOD-TYPE,SOJU,참이슬,소주,PUB
FOOD-TYPE,SOJU,처음처럼,소주,PUB
FOOD-TYPE,BEER,맥주,맥주,PUB
FOOD-TYPE,BEER,세계맥주,맥주,PUB
FOOD-TYPE,BEER,IPA,맥주,PUB
FOOD-TYPE,BEER,라거,맥주,PUB
FOOD-TYPE,BEER,에일,맥주,PUB
FOOD-TYPE,BEER,수제맥주,맥주,PUB
FOOD-TYPE,LIQUOR,양주,양주,PUB
FOOD-TYPE,LIQUOR,데낄라,양주,PUB
FOOD-TYPE,LIQUOR,칵테일,양주,PUB
FOOD-TYPE,LIQUOR,보드카,양주,PUB
FOOD-TYPE,LIQUOR,위스키,양주,PUB
FOOD-TYPE,LIQUOR,럼,양주,PUB
FOOD-TYPE,LIQUOR,브랜디,양주,PUB
FOOD-TYPE,LIQUOR,진,양주,PUB
FOOD-TYPE,LIQUOR,샹그리아,양주,PUB
FOOD-TYPE,WINE,와인,와인,PUB
FOOD-TYPE,WINE,뱅쇼,와인,PUB
FOOD-TYPE,WINE,벵쇼,와인,PUB
FOOD-TYPE,WINE,화이트 와인,와인,PUB
FOOD-TYPE,WINE,레드 와인,와인,PUB
FOOD-TYPE,WINE,스파클링 와인,와인,PUB
FOOD-TYPE,MAKGEOLLI,막걸리,막걸리,PUB
FOOD-TYPE,MAKGEOLLI,유자 막걸리,막걸리,PUB
FOOD-TYPE,MAKGEOLLI,땅콩 막걸리,막걸리,PUB
FOOD-TYPE,MAKGEOLLI,밤 막걸리,막걸리,PUB
FOOD-TYPE,MAKGEOLLI,매실 막걸리,막걸리,PUB
INGREDIENT-TYPE,CHEESE,치즈,치즈,
INGREDIENT-TYPE,CHEESE,모짜렐라 치즈,치즈,
INGREDIENT-TYPE,CHEESE,모짜렐라,치즈,
INGREDIENT-TYPE,VEGETABLE,채소,채소,
INGREDIENT-TYPE,VEGETABLE,야채,채소,
INGREDIENT-TYPE,VEGETABLE,시래기,채소,
INGREDIENT-TYPE,VEGETABLE,우거지,채소,
INGREDIENT-TYPE,FRUIT,과일,과일,
INGREDIENT-TYPE,FRUIT,레몬,과일,
INGREDIENT-TYPE,FRUIT,라임,과일,
INGREDIENT-TYPE,FRUIT,사과,과일,
INGREDIENT-TYPE,FRUIT,블루 베리,과일,
INGREDIENT-TYPE,FRUIT,딸기,과일,
INGREDIENT-TYPE,FRUIT,스트로베리,과일,
INGREDIENT-TYPE,FRUIT,아보카도,과일,
INGREDIENT-TYPE,NOODLE,사리,면,
INGREDIENT-TYPE,NOODLE,떡,면,
INGREDIENT-TYPE,NOODLE,당면,면,
INGREDIENT-TYPE,NOODLE,당면 사리,면,
INGREDIENT-TYPE,NOODLE,파스타 면,면,
INGREDIENT-TYPE,NOODLE,우동 면,면,
INGREDIENT-TYPE,NOODLE,우동 사리,면,
INGREDIENT-TYPE,NOODLE,소면,면,
INGREDIENT-TYPE,NOODLE,국수면,면,
INGREDIENT-TYPE,NOODLE,면,면,
INGREDIENT-TYPE,NOODLE,면 사리,면,
INGREDIENT-TYPE,NOODLE,수제비 사리,면,
INGREDIENT-TYPE,NOODLE,면발,면,
INGREDIENT-TYPE,NUTS,견과류,견과류,
INGREDIENT-TYPE,NUTS,그래놀라,견과류,
INGREDIENT-TYPE,NUTS,호두,견과류,
INGREDIENT-TYPE,NUTS,땅콩,견과류,
INGREDIENT-TYPE,NUTS,아몬드,견과류,
INGREDIENT-TYPE,CHOCOLATE,초코,초콜렛,
INGREDIENT-TYPE,CHOCOLATE,누텔라,초콜렛,
INGREDIENT-TYPE,CHOCOLATE,초콜렛,초콜렛,
INGREDIENT-TYPE,SIDE-DISH,스끼다시,반찬,
INGREDIENT-TYPE,SIDE-DISH,반찬,반찬,
INGREDIENT-TYPE,SIDE-DISH,계란후라이,반찬,
INGREDIENT-TYPE,SIDE-DISH,계란프라이,반찬,
INGREDIENT-TYPE,MEAT,고기,고기,
INGREDIENT-TYPE,MEAT,뼈다귀,고기,
INGREDIENT-TYPE,MEAT,고기건더기,고기,
NOT-SWEET,NOT-SWEET,안 단,달달하지 않은 맛의,
NOT-HOT,NOT-HOT,맵지 않은,맵지 않은 맛의,
NOT-JAGEUKJEOK,NOT-JAGEUKJEOK,안 자극적인,자극적이지 않은 맛의,
NOT-OILY,NOT-OILY,기름지지 않은,기름지지 않은 맛의,
NOT-BLAND,NOT-BLAND,안 싱거운,싱겁지 않은 맛의,
KKALKKEUM,KKALKKEUM,깔끔한 맛의,깔끔한 맛의,
NOT-SALTY,NOT-SALTY,짜지 않은,짜지 않은 맛의,
SWEET,SWEET,달달한,달달한 맛의,
HOT,HOT,매운,매운 맛의,
SWEET-SALTY,SWEET-SALTY,단짠단짠,단짠단짠한 맛의,
SIWON,SIWON,시원한,시원한 맛의,
GOSO,GOSO,고소한,고소한 맛의,
FIRE,FIRE,불맛이 나는,불맛이 나는,
FRESH,FRESH,싱싱한,싱싱한 맛의,
JJONDEUK,JJONDEUK,쫀득쫀득,쫀득쫀득한 느낌의,
CRUNCHY,CRUNCHY,바삭바삭한,바삭바삭한 식감의,
OILY,OILY,기름진,기름진 느낌의,
TTAKKEUN,TTAKKEUN,따끈따끈한,따끈한 느낌의,
CHEWY,CHEWY,탱글탱글,탱글탱글한 느낌의,
FUDGY,FUDGY,꾸덕한,꾸덕한 느낌의,
CREAMY,CREAMY,부드러운,크리미한 느낌의,
STRONG,STRONG,진한,진한 느낌의,
SPICY-SWEET,SPICY-SWEET,맵달맵달,맵달한 맛의,
COLD,COLD,차가운,차가운,
GOOD-TO-GO1,LOVER,여친,애인과 함께,
GOOD-TO-GO1,LOVER,남친,애인과 함께,
GOOD-TO-GO1,LOVER,애인,애인과 함께,
GOOD-TO-GO1,LOVER,여자친구,애인과 함께,
GOOD-TO-GO1,LOVER,남자친구,애인과 함께,
GOOD-TO-GO1,LOVER,약혼자,애인과 함께,
GOOD-TO-GO1,LOVER,약혼녀,애인과 함께,
GOOD-TO-GO1,LOVER,커플,애인과 함께,
GOOD-TO-GO1,LOVER,부인,애인과 함께,
GOOD-TO-GO1,LOVER,와이프,애인과 함께,
GOOD-TO-GO1,LOVER,남편,애인과 함께,
GOOD-TO-GO1,LOVER,신랑,애인과 함께,
GOOD-TO-GO1,LOVER,마누라,애인과 함께,
GOOD-TO-GO1,LOVER,안사람,애인과 함께,
GOOD-TO-GO1,LOVER,집사람,애인과 함께,
GOOD-TO-GO1,LOVER,아내,애인과 함께,
GOOD-TO-GO1,LOVER,파트너,애인과 함께,
GOOD-TO-GO1,LOVER,동반자,애인과 함께,
GOOD-TO-GO1,LOVER,동거인여친,애인과 함께,
GOOD-TO-GO1,LOVER,남친,애인과 함께,
GOOD-TO-GO1,LOVER,애인,애인과 함께,
GOOD-TO-GO1,LOVER,여자친구,애인과 함께,
GOOD-TO-GO1,LOVER,남자친구,애인과 함께,
GOOD-TO-GO1,LOVER,약혼자,애인과 함께,
GOOD-TO-GO1,LOVER,약혼녀,애인과 함께,
GOOD-TO-GO1,LOVER,커플,애인과 함께,
GOOD-TO-GO1,LOVER,부인,애인과 함께,
GOOD-TO-GO1,LOVER,와이프,애인과 함께,
GOOD-TO-GO1,LOVER,남편,애인과 함께,
GOOD-TO-GO1,LOVER,신랑,애인과 함께,
GOOD-TO-GO1,LOVER,마누라,애인과 함께,
GOOD-TO-GO1,LOVER,안사람,애인과 함께,
GOOD-TO-GO1,LOVER,집사람,애인과 함께,
GOOD-TO-GO1,LOVER,아내,애인과 함께,
GOOD-TO-GO1,LOVER,파트너,애인과 함께,
GOOD-TO-GO1,LOVER,동반자,애인과 함께,
GOOD-TO-GO1,LOVER,동거인,애인과 함께,
GOOD-TO-GO1,FRIEND,친구들,친구와 함께,
GOOD-TO-GO1,FRIEND,친구,친구와 함께,
GOOD-TO-GO1,FRIEND,절친들,친구와 함께,
GOOD-TO-GO1,FRIEND,절친,친구와 함께,
GOOD-TO-GO1,FRIEND,남사친들,친구와 함께,
GOOD-TO-GO1,FRIEND,남사친,친구와 함께,
GOOD-TO-GO1,FRIEND,여사친들,친구와 함께,
GOOD-TO-GO1,FRIEND,여사친,친구와 함께,
GOOD-TO-GO1,FRIEND,베프들,친구와 함께,
GOOD-TO-GO1,FRIEND,베프,친구와 함께,
GOOD-TO-GO1,FRIEND,직장 동료들,친구와 함께,
GOOD-TO-GO1,FRIEND,직장 동료,친구와 함께,
GOOD-TO-GO1,FRIEND,동료들,친구와 함께,
GOOD-TO-GO1,FRIEND,동료,친구와 함께,
GOOD-TO-GO1,FRIEND,동기들,친구와 함께,
GOOD-TO-GO1,FRIEND,동기,친구와 함께,
GOOD-TO-GO1,FRIEND,선배들,친구와 함께,
GOOD-TO-GO1,FRIEND,선배,친구와 함께,
GOOD-TO-GO1,FRIEND,후배들,친구와 함께,
GOOD-TO-GO1,FRIEND,후배,친구와 함께,
GOOD-TO-GO1,FRIEND,선후배들,친구와 함께,
GOOD-TO-GO1,FRIEND,선후배,친구와 함께,
GOOD-TO-GO1,FRIEND,동창들,친구와 함께,
GOOD-TO-GO1,FRIEND,동창,친구와 함께,
GOOD-TO-GO1,FAMILY,부모님,가족과 함께,
GOOD-TO-GO1,FAMILY,부모,가족과 함께,
GOOD-TO-GO1,FAMILY,엄마,가족과 함께,
GOOD-TO-GO1,FAMILY,아빠,가족과 함께,
GOOD-TO-GO1,FAMILY,어머니,가족과 함께,
GOOD-TO-GO1,FAMILY,아버지,가족과 함께,
GOOD-TO-GO1,FAMILY,사촌 동생들,가족과 함께,
GOOD-TO-GO1,FAMILY,사촌 동생,가족과 함께,
GOOD-TO-GO1,FAMILY,사촌 오빠들,가족과 함께,
GOOD-TO-GO1,FAMILY,사촌 오빠,가족과 함께,
GOOD-TO-GO1,FAMILY,사촌 누나들,가족과 함께,
GOOD-TO-GO1,FAMILY,사촌 누나,가족과 함께,
GOOD-TO-GO1,FAMILY,사촌 형들,가족과 함께,
GOOD-TO-GO1,FAMILY,사촌 형,가족과 함께,
GOOD-TO-GO1,FAMILY,사촌 언니들,가족과 함께,
GOOD-TO-GO1,FAMILY,사촌 언니,가족과 함께,
GOOD-TO-GO1,FAMILY,사촌 누이들,가족과 함께,
GOOD-TO-GO1,FAMILY,사촌 누이,가족과 함께,
GOOD-TO-GO1,FAMILY,동생들,가족과 함께,
GOOD-TO-GO1,FAMILY,동생,가족과 함께,
GOOD-TO-GO1,FAMILY,오빠들,가족과 함께,
GOOD-TO-GO1,FAMILY,오빠,가족과 함께,
GOOD-TO-GO1,FAMILY,누나들,가족과 함께,
GOOD-TO-GO1,FAMILY,누나,가족과 함께,
GOOD-TO-GO1,FAMILY,형들,가족과 함께,
GOOD-TO-GO1,FAMILY,형,가족과 함께,
GOOD-TO-GO1,FAMILY,언니들,가족과 함께,
GOOD-TO-GO1,FAMILY,언니,가족과 함께,
GOOD-TO-GO1,FAMILY,누이들,가족과 함께,
GOOD-TO-GO1,FAMILY,누이,가족과 함께,
GOOD-TO-GO1,FAMILY,시 부모님,가족과 함께,
GOOD-TO-GO1,FAMILY,시 부모,가족과 함께,
GOOD-TO-GO1,FAMILY,시 엄마,가족과 함께,
GOOD-TO-GO1,FAMILY,시 아빠,가족과 함께,
GOOD-TO-GO1,FAMILY,시 어머니,가족과 함께,
GOOD-TO-GO1,FAMILY,시 아버지,가족과 함께,
GOOD-TO-GO1,FAMILY,친정 부모님,가족과 함께,
GOOD-TO-GO1,FAMILY,친정 부모,가족과 함께,
GOOD-TO-GO1,FAMILY,친정 엄마,가족과 함께,
GOOD-TO-GO1,FAMILY,친정 아빠,가족과 함께,
GOOD-TO-GO1,FAMILY,친정 어머니,가족과 함께,
GOOD-TO-GO1,FAMILY,친정 아버지,가족과 함께,
GOOD-TO-GO1,FAMILY,조카들,가족과 함께,
GOOD-TO-GO1,FAMILY,조카,가족과 함께,
GOOD-TO-GO1,FAMILY,손자들,가족과 함께,
GOOD-TO-GO1,FAMILY,손자,가족과 함께,
GOOD-TO-GO1,FAMILY,손녀들,가족과 함께,
GOOD-TO-GO1,FAMILY,손녀,가족과 함께,
GOOD-TO-GO1,FAMILY,손주들,가족과 함께,
GOOD-TO-GO1,FAMILY,손주,가족과 함께,
GOOD-TO-GO1,FAMILY,가족들,가족과 함께,
GOOD-TO-GO1,FAMILY,가족,가족과 함께,
GOOD-TO-GO2,ANNIVERSARY,특별한 날때,기념일에,
GOOD-TO-GO2,ANNIVERSARY,특별한 날,기념일에,
GOOD-TO-GO2,ANNIVERSARY,기념일때,기념일에,
GOOD-TO-GO2,ANNIVERSARY,기념일,기념일에,
GOOD-TO-GO2,ANNIVERSARY,결혼기념일때,기념일에,
GOOD-TO-GO2,ANNIVERSARY,결혼기념일,기념일에,
GOOD-TO-GO2,ANNIVERSARY,생일때,기념일에,
GOOD-TO-GO2,ANNIVERSARY,생일,기념일에,
GOOD-TO-GO2,ANNIVERSARY,생신때,기념일에,
GOOD-TO-GO2,ANNIVERSARY,생신,기념일에,
GOOD-TO-GO2,ENGAGEMENT,여친을 소개시켜줄때,첫 만남에,
GOOD-TO-GO2,ENGAGEMENT,여친을 소개할때,첫 만남에,
GOOD-TO-GO2,ENGAGEMENT,여친을 소개받을때,첫 만남에,
GOOD-TO-GO2,ENGAGEMENT,여친 소개시켜줄때,첫 만남에,
GOOD-TO-GO2,ENGAGEMENT,여친 소개할때,첫 만남에,
GOOD-TO-GO2,ENGAGEMENT,여친 소개받을때,첫 만남에,
GOOD-TO-GO2,ENGAGEMENT,남친을 소개시켜줄때,첫 만남에,
GOOD-TO-GO2,ENGAGEMENT,남친을 소개할때,첫 만남에,
GOOD-TO-GO2,ENGAGEMENT,남친을 소개받을때,첫 만남에,
GOOD-TO-GO2,ENGAGEMENT,남친 소개시켜줄때,첫 만남에,
GOOD-TO-GO2,ENGAGEMENT,남친 소개할때,첫 만남에,
GOOD-TO-GO2,ENGAGEMENT,남친 소개받을때,첫 만남에,
GOOD-TO-GO2,ENGAGEMENT,여자친구를 소개시켜줄때,첫 만남에,
GOOD-TO-GO2,ENGAGEMENT,여자친구를 소개할때,첫 만남에,
GOOD-TO-GO2,ENGAGEMENT,여자친구를 소개받을때,첫 만남에,
GOOD-TO-GO2,ENGAGEMENT,여자친구 소개시켜줄때,첫 만남에,
GOOD-TO-GO2,ENGAGEMENT,여자친구 소개할때,첫 만남에,
GOOD-TO-GO2,ENGAGEMENT,여자친구 소개받을때,첫 만남에,
GOOD-TO-GO2,ENGAGEMENT,남자친구를 소개시켜줄때,첫 만남에,
GOOD-TO-GO2,ENGAGEMENT,남자친구를 소개할때,첫 만남에,
GOOD-TO-GO2,ENGAGEMENT,남자친구를 소개받을때,첫 만남에,
GOOD-TO-GO2,ENGAGEMENT,남자친구 소개시켜줄때,첫 만남에,
GOOD-TO-GO2,ENGAGEMENT,남자친구 소개할때,첫 만남에,
GOOD-TO-GO2,ENGAGEMENT,남자친구 소개받을때,첫 만남에,
GOOD-TO-GO2,ENGAGEMENT,부모님을 소개시켜줄때,첫 만남에,
GOOD-TO-GO2,ENGAGEMENT,부모님을 소개할때,첫 만남에,
GOOD-TO-GO2,ENGAGEMENT,부모님 소개시켜줄때,첫 만남에,
GOOD-TO-GO2,ENGAGEMENT,부모님 소개할때,첫 만남에,
GOOD-TO-GO2,ENGAGEMENT,상견례에,첫 만남에,
GOOD-TO-GO2,ENGAGEMENT,상견례 갈 때,첫 만남에,
GOOD-TO-GO2,ENGAGEMENT,상견례 할 때,첫 만남에,
GOOD-TO-GO2,ENGAGEMENT,상견례 때,첫 만남에,
GOOD-TO-GO2,ENGAGEMENT,약혼에,첫 만남에,
GOOD-TO-GO2,ENGAGEMENT,약혼 갈 때,첫 만남에,
GOOD-TO-GO2,ENGAGEMENT,약혼 할 때,첫 만남에,
GOOD-TO-GO2,ENGAGEMENT,약혼 때,첫 만남에,
GOOD-TO-GO2,ENGAGEMENT,프로포즈에,첫 만남에,
GOOD-TO-GO2,ENGAGEMENT,프로포즈 갈 때,첫 만남에,
GOOD-TO-GO2,ENGAGEMENT,프로포즈 할 때,첫 만남에,
GOOD-TO-GO2,ENGAGEMENT,프로포즈 때,첫 만남에,
GOOD-TO-GO2,ENGAGEMENT,소개팅에,첫 만남에,
GOOD-TO-GO2,ENGAGEMENT,소개팅 갈 때,첫 만남에,
GOOD-TO-GO2,ENGAGEMENT,소개팅 할 때,첫 만남에,
GOOD-TO-GO2,ENGAGEMENT,소개팅 때,첫 만남에,
GOOD-TO-GO2,ENGAGEMENT,미팅에,첫 만남에,
GOOD-TO-GO2,ENGAGEMENT,미팅 갈 때,첫 만남에,
GOOD-TO-GO2,ENGAGEMENT,미팅 할 때,첫 만남에,
GOOD-TO-GO2,ENGAGEMENT,미팅 때,첫 만남에,
GOOD-TO-GO2,ENGAGEMENT,맞선 볼 때,첫 만남에,
GOOD-TO-GO2,ENGAGEMENT,선 볼 때,첫 만남에,
GOOD-TO-GO2,FIRSTBIRTHDAY,돌잔치에 좋은,아기 기념일에,
GOOD-TO-GO2,FIRSTBIRTHDAY,돌잔치에 알맞은,아기 기념일에,
GOOD-TO-GO2,FIRSTBIRTHDAY,돌잔치에 가기 좋은,아기 기념일에,
GOOD-TO-GO2,FIRSTBIRTHDAY,돌잔치에 갈만한,아기 기념일에,
GOOD-TO-GO2,FIRSTBIRTHDAY,돌잔치 때 좋은,아기 기념일에,
GOOD-TO-GO2,FIRSTBIRTHDAY,돌잔치 때 알맞은,아기 기념일에,
GOOD-TO-GO2,FIRSTBIRTHDAY,돌잔치 때 가기 좋은,아기 기념일에,
GOOD-TO-GO2,FIRSTBIRTHDAY,돌잔치 때 갈만한,아기 기념일에,
GOOD-TO-GO2,FIRSTBIRTHDAY,돌잔치 하기 좋은,아기 기념일에,
GOOD-TO-GO2,FIRSTBIRTHDAY,돌잔치 열기 좋은,아기 기념일에,
GOOD-TO-GO2,FIRSTBIRTHDAY,백일잔치에 좋은,아기 기념일에,
GOOD-TO-GO2,FIRSTBIRTHDAY,백일잔치에 알맞은,아기 기념일에,
GOOD-TO-GO2,FIRSTBIRTHDAY,백일잔치에 가기 좋은,아기 기념일에,
GOOD-TO-GO2,FIRSTBIRTHDAY,백일잔치에 갈만한,아기 기념일에,
GOOD-TO-GO2,FIRSTBIRTHDAY,백일잔치 때 좋은,아기 기념일에,
GOOD-TO-GO2,FIRSTBIRTHDAY,백일잔치 때 알맞은,아기 기념일에,
GOOD-TO-GO2,FIRSTBIRTHDAY,백일잔치 때 가기 좋은,아기 기념일에,
GOOD-TO-GO2,FIRSTBIRTHDAY,백일잔치 때 갈만한,아기 기념일에,
GOOD-TO-GO2,FIRSTBIRTHDAY,백일잔치 하기 좋은,아기 기념일에,
GOOD-TO-GO2,FIRSTBIRTHDAY,백일잔치 열기 좋은,아기 기념일에,
GOOD-TO-GO2,COLD-WEATHER,추운 날에,추운 날씨에,
GOOD-TO-GO2,COLD-WEATHER,추운 날,추운 날씨에,
GOOD-TO-GO2,COLD-WEATHER,추운 날씨에,추운 날씨에,
GOOD-TO-GO2,COLD-WEATHER,쌀쌀한 날에,추운 날씨에,
GOOD-TO-GO2,COLD-WEATHER,쌀쌀한 날,추운 날씨에,
GOOD-TO-GO2,COLD-WEATHER,쌀쌀한 날씨에,추운 날씨에,
GOOD-TO-GO2,COLD-WEATHER,쌀쌀할때에,추운 날씨에,
GOOD-TO-GO2,COLD-WEATHER,쌀쌀할때,추운 날씨에,
GOOD-TO-GO2,COLD-WEATHER,추울 때에,추운 날씨에,
GOOD-TO-GO2,COLD-WEATHER,추울 때,추운 날씨에,
GOOD-TO-GO2,COLD-WEATHER,겨울에,추운 날씨에,
GOOD-TO-GO2,COLD-WEATHER,한겨울에,추운 날씨에,
GOOD-TO-GO2,COLD-WEATHER,날씨가 추운 날에,추운 날씨에,
GOOD-TO-GO2,COLD-WEATHER,날씨가 추운 날,추운 날씨에,
GOOD-TO-GO2,COLD-WEATHER,날씨가 쌀쌀한 날에,추운 날씨에,
GOOD-TO-GO2,COLD-WEATHER,날씨가 쌀쌀한 날,추운 날씨에,
GOOD-TO-GO2,COLD-WEATHER,날씨가 쌀쌀할때에,추운 날씨에,
GOOD-TO-GO2,COLD-WEATHER,날씨가 쌀쌀할때,추운 날씨에,
GOOD-TO-GO2,COLD-WEATHER,날씨가 추울 때에,추운 날씨에,
GOOD-TO-GO2,COLD-WEATHER,날씨가 추울 때,추운 날씨에,
GOOD-TO-GO2,COLD-WEATHER,날씨 추운 날에,추운 날씨에,
GOOD-TO-GO2,COLD-WEATHER,날씨 추운 날,추운 날씨에,
GOOD-TO-GO2,COLD-WEATHER,날씨 쌀쌀한 날에,추운 날씨에,
GOOD-TO-GO2,COLD-WEATHER,날씨 쌀쌀한 날,추운 날씨에,
GOOD-TO-GO2,COLD-WEATHER,날씨 쌀쌀할때에,추운 날씨에,
GOOD-TO-GO2,COLD-WEATHER,날씨 쌀쌀할때,추운 날씨에,
GOOD-TO-GO2,COLD-WEATHER,날씨 추울 때에,추운 날씨에,
GOOD-TO-GO2,COLD-WEATHER,날씨 추울 때,추운 날씨에,
GOOD-TO-GO2,COLD-WEATHER,겨울 날씨에,추운 날씨에,
GOOD-TO-GO2,COLD-WEATHER,한겨울 날씨에,추운 날씨에,
GOOD-TO-GO2,HOT-WEATHER,더운 날에,더운 날씨에,
GOOD-TO-GO2,HOT-WEATHER,더운 날,더운 날씨에,
GOOD-TO-GO2,HOT-WEATHER,더운 날씨에,더운 날씨에,
GOOD-TO-GO2,HOT-WEATHER,날씨가 더운 날에,더운 날씨에,
GOOD-TO-GO2,HOT-WEATHER,날씨가 더운 날,더운 날씨에,
GOOD-TO-GO2,HOT-WEATHER,날씨가 후덥지끈한 날에,더운 날씨에,
GOOD-TO-GO2,HOT-WEATHER,날씨가 후덥지끈한 날,더운 날씨에,
GOOD-TO-GO2,HOT-WEATHER,날씨가 더울 때에,더운 날씨에,
GOOD-TO-GO2,HOT-WEATHER,날씨가 더울 때,더운 날씨에,
GOOD-TO-GO2,HOT-WEATHER,날씨 더운 날에,더운 날씨에,
GOOD-TO-GO2,HOT-WEATHER,날씨 더운 날,더운 날씨에,
GOOD-TO-GO2,HOT-WEATHER,날씨 후덥지끈한 날에,더운 날씨에,
GOOD-TO-GO2,HOT-WEATHER,날씨 후덥지끈한 날,더운 날씨에,
GOOD-TO-GO2,HOT-WEATHER,날씨 더울 때에,더운 날씨에,
GOOD-TO-GO2,HOT-WEATHER,날씨 더울 때,더운 날씨에,
GOOD-TO-GO2,HOT-WEATHER,후덥지끈한 날에,더운 날씨에,
GOOD-TO-GO2,HOT-WEATHER,후덥지끈한 날,더운 날씨에,
GOOD-TO-GO2,HOT-WEATHER,후덥지끈한 날씨에,더운 날씨에,
GOOD-TO-GO2,HOT-WEATHER,더울 때에,더운 날씨에,
GOOD-TO-GO2,HOT-WEATHER,더울 때,더운 날씨에,
GOOD-TO-GO2,HOT-WEATHER,여름에,더운 날씨에,
GOOD-TO-GO2,HOT-WEATHER,한여름에,더운 날씨에,
GOOD-TO-GO2,HOT-WEATHER,여름 날씨에,더운 날씨에,
GOOD-TO-GO2,HOT-WEATHER,한여름 날씨에,더운 날씨에,
GOOD-TO-GO2,LOVER-VERB,데이트에,데이트 할때,
GOOD-TO-GO2,LOVER-VERB,데이트 할 때,데이트 할때,
GOOD-TO-GO2,LOVER-VERB,데이트 때,데이트 할때,
GOOD-TO-GO2,LOVER-VERB,연애할때,데이트 할때,
GOOD-TO-GO2,CLIMBING,하산 하고나서,등산 후에,
GOOD-TO-GO2,CLIMBING,하산 후,등산 후에,
GOOD-TO-GO2,CLIMBING,하산 후에,등산 후에,
GOOD-TO-GO2,CLIMBING,산에 갔다와서,등산 후에,
GOOD-TO-GO2,CLIMBING,산타고 나서,등산 후에,
GOOD-TO-GO2,CLIMBING,산에서 내려와서,등산 후에,
GOOD-TO-GO2,CLIMBING,등산 하고나서,등산 후에,
GOOD-TO-GO2,CLIMBING,등산 후,등산 후에,
GOOD-TO-GO2,CLIMBING,등산 후에,등산 후에,
GOOD-TO-GO2,CLIMBING,등산 끝내고,등산 후에,
GOOD-TO-GO2,CLIMBING,등산 끝나고,등산 후에,
GOOD-TO-GO2,CLIMBING,등산 마치고,등산 후에,
GOOD-TO-GO2,SOCCER,축구 하고나서,축구 후에,
GOOD-TO-GO2,SOCCER,축구 후,축구 후에,
GOOD-TO-GO2,SOCCER,축구 후에,축구 후에,
GOOD-TO-GO2,SOCCER,축구 끝내고,축구 후에,
GOOD-TO-GO2,SOCCER,축구 끝나고,축구 후에,
GOOD-TO-GO2,SOCCER,풋살 하고나서,축구 후에,
GOOD-TO-GO2,SOCCER,풋살 후,축구 후에,
GOOD-TO-GO2,SOCCER,풋살 후에,축구 후에,
GOOD-TO-GO2,SOCCER,풋살 끝내고,축구 후에,
GOOD-TO-GO2,SOCCER,풋살 끝나고,축구 후에,
GOOD-TO-GO2,BASKETBALL,농구 하고나서,농구 후에,
GOOD-TO-GO2,BASKETBALL,농구 후,농구 후에,
GOOD-TO-GO2,BASKETBALL,농구 후에,농구 후에,
GOOD-TO-GO2,BASKETBALL,농구 끝내고,농구 후에,
GOOD-TO-GO2,BASKETBALL,농구 끝나고,농구 후에,
GOOD-TO-GO2,ALCOHOL,술 먹고 나서,술 먹은 후에,
GOOD-TO-GO2,ALCOHOL,술 먹고 나서 속 쓰릴때,술 먹은 후에,
GOOD-TO-GO2,ALCOHOL,술 먹고,술 먹은 후에,
GOOD-TO-GO2,ALCOHOL,술 먹고 속 쓰릴때,술 먹은 후에,
GOOD-TO-GO2,ALCOHOL,술 먹은 후,술 먹은 후에,
GOOD-TO-GO2,ALCOHOL,술 먹은 후 속 쓰릴때,술 먹은 후에,
GOOD-TO-GO2,ALCOHOL,술 먹은 후에,술 먹은 후에,
GOOD-TO-GO2,ALCOHOL,술 먹은 후에 속 쓰릴때,술 먹은 후에,
GOOD-TO-GO2,ALCOHOL,술 해장 하러,술 먹은 후에,
GOOD-TO-GO2,ALCOHOL,술 해장할 때,술 먹은 후에,
GOOD-TO-GO2,ALCOHOL,술 취했을때,술 먹은 후에,
GOOD-TO-GO2,ALCOHOL,술 깨러,술 먹은 후에,
GOOD-TO-GO2,ALCOHOL,술 안깰때,술 먹은 후에,
GOOD-TO-GO2,ALCOHOL,해장 하러,술 먹은 후에,
GOOD-TO-GO2,ALCOHOL,해장할 때,술 먹은 후에,
GOOD-TO-GO2,ALCOHOL,취했을때,술 먹은 후에,
GOOD-TO-GO2,ALCOHOL,숙취에,술 먹은 후에,
GOOD-TO-GO2,ALCOHOL,숙취해소에,술 먹은 후에,
GOODTOGO-VERB,PARTY,파티할 때 가기 좋은,파티때,
GOODTOGO-VERB,PARTY,파티할 때 갈만한,파티때,
GOODTOGO-VERB,ALONE,혼밥 하기 좋은,혼자서,
GOODTOGO-VERB,ALONE,혼자 가기 좋은,혼자서,
GOODTOGO-VERB,ALONE,혼자 먹기 좋은,혼자서,
GOODTOGO-VERB,ALONE,홀로 가기 좋은,혼자서,
GOODTOGO-VERB,ALONE,홀로 먹기 좋은,혼자서,
GOODTOGO-VERB,COUPLE,2인이 가기 좋은,둘이서,
GOODTOGO-VERB,COUPLE,2인이서 가기 좋은,둘이서,
GOODTOGO-VERB,COUPLE,2명이 가기 좋은,둘이서,
GOODTOGO-VERB,COUPLE,2명이서 가기 좋은,둘이서,
GOODTOGO-VERB,COUPLE,2명 가기 좋은,둘이서,
GOODTOGO-VERB,COUPLE,두명이 가기 좋은,둘이서,
GOODTOGO-VERB,COUPLE,두명이서 가기 좋은,둘이서,
GOODTOGO-VERB,COUPLE,두명 가기 좋은,둘이서,
GOODTOGO-VERB,COUPLE,둘이 가기 좋은,둘이서,
GOODTOGO-VERB,COUPLE,둘이서 가기 좋은,둘이서,
GOODTOGO-VERB,TRIPLE,3인이 가기 좋은,"3, 4명이서",
GOODTOGO-VERB,TRIPLE,3인이서 가기 좋은,"3, 4명이서",
GOODTOGO-VERB,TRIPLE,3명이 가기 좋은,"3, 4명이서",
GOODTOGO-VERB,TRIPLE,3명이서 가기 좋은,"3, 4명이서",
GOODTOGO-VERB,TRIPLE,3명 가기 좋은,"3, 4명이서",
GOODTOGO-VERB,TRIPLE,세명이 가기 좋은,"3, 4명이서",
GOODTOGO-VERB,TRIPLE,세명이서 가기 좋은,"3, 4명이서",
GOODTOGO-VERB,TRIPLE,세명 가기 좋은,"3, 4명이서",
GOODTOGO-VERB,TRIPLE,4인이 가기 좋은,"3, 4명이서",
GOODTOGO-VERB,TRIPLE,4인이서 가기 좋은,"3, 4명이서",
GOODTOGO-VERB,TRIPLE,4명이 가기 좋은,"3, 4명이서",
GOODTOGO-VERB,TRIPLE,4명이서 가기 좋은,"3, 4명이서",
GOODTOGO-VERB,TRIPLE,4명 가기 좋은,"3, 4명이서",
GOODTOGO-VERB,TRIPLE,네명이 가기 좋은,"3, 4명이서",
GOODTOGO-VERB,TRIPLE,네명이서 가기 좋은,"3, 4명이서",
GOODTOGO-VERB,TRIPLE,네명 가기 좋은,"3, 4명이서",
GOODTOGO-VERB,TRIPLE,셋이 가기 좋은,"3, 4명이서",
GOODTOGO-VERB,TRIPLE,셋이서 가기 좋은,"3, 4명이서",
GOODTOGO-VERB,TRIPLE,넷이 가기 좋은,"3, 4명이서",
GOODTOGO-VERB,TRIPLE,넷이서 가기 좋은,"3, 4명이서",
GOODTOGO-VERB,GROUP,5명이서 가기 좋은,단체로,
GOODTOGO-VERB,GROUP,5명 가기 좋은,단체로,
GOODTOGO-VERB,GROUP,5명 이상 가기 좋은,단체로,
GOODTOGO-VERB,GROUP,단체로 가기 좋은,단체로,
GOODTOGO-VERB,GROUP,단체 회식으로 가기 좋은,단체로,
GOODTOGO-VERB,GROUP,단체 회식때 가기 좋은,단체로,
GOODTOGO-VERB,GROUP,단체 모임으로 가기 좋은,단체로,
GOODTOGO-VERB,GROUP,단체 모임때 가기 좋은,단체로,
GOODTOGO-VERB,GROUP,6명이서 가기 좋은,단체로,
GOODTOGO-VERB,GROUP,6명 가기 좋은,단체로,
GOODTOGO-VERB,GROUP,6명 이상 가기 좋은,단체로,
GOODTOGO-VERB,GROUP,7명이서 가기 좋은,단체로,
GOODTOGO-VERB,GROUP,7명 가기 좋은,단체로,
GOODTOGO-VERB,GROUP,7명 이상 가기 좋은,단체로,
GOODTOGO-VERB,GROUP,8명이서 가기 좋은,단체로,
GOODTOGO-VERB,GROUP,8명 가기 좋은,단체로,
GOODTOGO-VERB,GROUP,8명 이상 가기 좋은,단체로,
GOODTOGO-VERB,GROUP,9명이서 가기 좋은,단체로,
GOODTOGO-VERB,GROUP,9명 가기 좋은,단체로,
GOODTOGO-VERB,GROUP,9명 이상 가기 좋은,단체로,
GOODTOGO-VERB,GROUP,10명이서 가기 좋은,단체로,
GOODTOGO-VERB,GROUP,10명 가기 좋은,단체로,
GOODTOGO-VERB,GROUP,10명 이상 가기 좋은,단체로,
GOODTOGO-VERB,GROUP,20명이서 가기 좋은,단체로,
GOODTOGO-VERB,GROUP,20명 가기 좋은,단체로,
GOODTOGO-VERB,GROUP,20명 이상 가기 좋은,단체로,
GOODTOGO-VERB,GROUP,다섯명이서 가기 좋은,단체로,
GOODTOGO-VERB,GROUP,다섯명 가기 좋은,단체로,
GOODTOGO-VERB,GROUP,다섯명 이상 가기 좋은,단체로,
GOODTOGO-VERB,GROUP,여섯명이서 가기 좋은,단체로,
GOODTOGO-VERB,GROUP,여섯명 가기 좋은,단체로,
GOODTOGO-VERB,GROUP,여섯명 이상 가기 좋은,단체로,
GOODTOGO-VERB,GROUP,일곱명이서 가기 좋은,단체로,
GOODTOGO-VERB,GROUP,일곱명 가기 좋은,단체로,
GOODTOGO-VERB,GROUP,일곱명 이상 가기 좋은,단체로,
GOODTOGO-VERB,GROUP,여덟명이서 가기 좋은,단체로,
GOODTOGO-VERB,GROUP,여덟명 가기 좋은,단체로,
GOODTOGO-VERB,GROUP,여덟명 이상 가기 좋은,단체로,
GOODTOGO-VERB,GROUP,아홉명이서 가기 좋은,단체로,
GOODTOGO-VERB,GROUP,아홉명 가기 좋은,단체로,
GOODTOGO-VERB,GROUP,아홉명 이상 가기 좋은,단체로,
GOODTOGO-VERB,GROUP,열명이서 가기 좋은,단체로,
GOODTOGO-VERB,GROUP,열명 가기 좋은,단체로,
GOODTOGO-VERB,GROUP,열명 이상 가기 좋은,단체로,
GOODTOGO-VERB,GROUP,스무명이서 가기 좋은,단체로,
GOODTOGO-VERB,GROUP,스무명 가기 좋은,단체로,
GOODTOGO-VERB,GROUP,스무명 이상 가기 좋은,단체로,
GOODTOGO-VERB,GROUP,회식으로 가기 좋은,단체로,
GOODTOGO-VERB,GROUP,회식때 가기 좋은,단체로,
GOODTOGO-VERB,GROUP,모임으로 가기 좋은,단체로,
GOODTOGO-VERB,GROUP,모임때 가기 좋은,단체로,
GOODTOGO-VERB,GROUP,회식모임때 가기 좋은,단체로,
GOODTOGO-VERB,GROUP,단합대회때 가기 좋은,단체로,
LOCATION-TYPE,GEONDAE,건대,건대,
LOCATION-TYPE,HANGANG,한강,한강 주변,
LOCATION-TYPE,HONGDAE,홍대,홍대,
LOCATION-TYPE,GAROSUGIL,가로수길,가로수길,
LOCATION-TYPE,GANGNAM,강남,강남,
LOCATION-TYPE,EXPRESS-BUS-TERMINAL,고속터미널,고속터미널,
LOCATION-TYPE,JUNGGU,중구,중구,
LOCATION-TYPE,MANGWON,망원,망원,
LOCATION-TYPE,SUNGSU,성수,성수,
LOCATION-TYPE,SINCHON,신촌,신촌,
LOCATION-TYPE,ITAEWON,이태원,이태원,
LOCATION-TYPE,SONGPA,송파,송파,
LOCATION-TYPE,JONGNO,종로,종로,
LOCATION-TYPE,DAEGU,대구,대구,
LOCATION-TYPE,WULSAN,울산,울산,
LOCATION-TYPE,DAEJEON,대전,대전,
LOCATION-TYPE,BUSAN,부산,부산,
LOCATION-TYPE,JEONJU,전주,전주,
LOCATION-TYPE,GUNSAN,군산,군산,
LOCATION-TYPE,IKSAN,익산,익산,
LOCATION-TYPE,JEONGEUP,정읍,정읍,
LOCATION-TYPE,NAMWON,남원,남원,
LOCATION-TYPE,GIMJE,김제,김제,
LOCATION-TYPE,WANJU,완주,완주,
LOCATION-TYPE,JINAN,진안,진안,
LOCATION-TYPE,MUJU,무주,무주,
LOCATION-TYPE,JANGSU,장수,장수,
LOCATION-TYPE,IMSIL,임실,임실,
LOCATION-TYPE,SUNCHANG,순창,순창,
LOCATION-TYPE,GOCHANG,고창,고창,
LOCATION-TYPE,BUAN,부안,부안,
LOCATION-TYPE,TAEAN,태안,태안,
LOCATION-TYPE,CHEONAN,천안,천안,
LOCATION-TYPE,GONGJU,공주,공주,
LOCATION-TYPE,BORYEONG,보령,보령,
LOCATION-TYPE,ASAN,아산,아산,
LOCATION-TYPE,SEOSAN,서산,서산,
LOCATION-TYPE,NONSAN,논산,논산,
LOCATION-TYPE,GYERYONG,계룡,계룡,
LOCATION-TYPE,DANGJIN,당진,당진,
LOCATION-TYPE,GEUMSAN,금산,금산,
LOCATION-TYPE,BUYEO,부여,부여,
LOCATION-TYPE,SEOCHEON,서천,서천,
LOCATION-TYPE,CHEONGYANG,청양,청양,
LOCATION-TYPE,HONGSEONG,홍성,홍성,
LOCATION-TYPE,YESAN,예산,예산,
LOCATION-TYPE,TAESAN,태안,태안,
LOCATION-TYPE,CHEONGJU,청주,청주,
LOCATION-TYPE,CHUNGJU,충주,충주,
LOCATION-TYPE,JECHEON,제천,제천,
LOCATION-TYPE,BOEUN,보은,보은,
LOCATION-TYPE,OKCHEON,옥천,옥천,
LOCATION-TYPE,YEONGDONG,영동,영동,
LOCATION-TYPE,JINCHEON,진천,진천,
LOCATION-TYPE,GOISAN,괴산,괴산,
LOCATION-TYPE,EUMSEONG,음성,음성,
LOCATION-TYPE,DANYANG,단양,단양,
LOCATION-TYPE,JEUNGPYEONG,증평,증평,
LOCATION-TYPE,JEJU,제주,제주,
LOCATION-TYPE,SEGUIPO,서귀포,서귀포,
LOCATION-TYPE,GOSEONG,고성,고성,
LOCATION-TYPE,CHANGWON,창원,창원,
LOCATION-TYPE,JINJU,진주,진주,
LOCATION-TYPE,TONGYEONG,통영,통영,
LOCATION-TYPE,SACHEON,사천,사천,
LOCATION-TYPE,UIRYEONG,의령,의령,
LOCATION-TYPE,HAMAN,함안,함안,
LOCATION-TYPE,CHANGNYEONG,창녕,창녕,
LOCATION-TYPE,GIMHAE,김해,김해,
LOCATION-TYPE,MILYANG,밀양,밀양,
LOCATION-TYPE,GEOJE,거제,거제,
LOCATION-TYPE,YANGSAN,양산,양산,
LOCATION-TYPE,NAMHAE,남해,남해,
LOCATION-TYPE,HADONG,하동,하동,
LOCATION-TYPE,SANCHEONG,산청,산청,
LOCATION-TYPE,HAMYANG,함양,함양,
LOCATION-TYPE,GEOCHANG,거창,거창,
LOCATION-TYPE,HAPCHEON,합천,합천,
LOCATION-TYPE,POHANG,포항,포항,
LOCATION-TYPE,GYEONGJU,경주,경주,
LOCATION-TYPE,GIMCHEON,김천,김천,
LOCATION-TYPE,ANDONG,안동,안동,
LOCATION-TYPE,MUNGYEONG,문경,문경,
LOCATION-TYPE,GYEONGSAN,경산,경산,
LOCATION-TYPE,GUNWI,군위,군위,
LOCATION-TYPE,UISEONG,의성,의성,
LOCATION-TYPE,GUMI,구미,구미,
LOCATION-TYPE,YEONGJU,영주,영주,
LOCATION-TYPE,YEONGCHEON,영천,영천,
LOCATION-TYPE,SANGJU,상주,상주,
LOCATION-TYPE,CHEONGSONG,청송,청송,
LOCATION-TYPE,YEONGYANG,영양,영양,
LOCATION-TYPE,YEONGDEOK,영덕,영덕,
LOCATION-TYPE,CHEONGDO,청도,청도,
LOCATION-TYPE,GORYEONG,고령,고령,
LOCATION-TYPE,SEONGJU,성주,성주,
LOCATION-TYPE,CHILGOK,칠곡,칠곡,
LOCATION-TYPE,YECHEON,예천,예천,
LOCATION-TYPE,BONGHWA,봉화,봉화,
LOCATION-TYPE,WULJIN,울진,울진,
LOCATION-TYPE,WULLEUNG,울릉,울릉,
LOCATION-TYPE,MOKPO,목포,목포,
LOCATION-TYPE,YEOSU,여수,여수,
LOCATION-TYPE,SUNCHEON,순천,순천,
LOCATION-TYPE,NAJU,나주,나주,
LOCATION-TYPE,GOHEUNG,고흥,고흥,
LOCATION-TYPE,BOSEONG,보성,보성,
LOCATION-TYPE,HWASUN,화순,화순,
LOCATION-TYPE,JANGHEUNG,장흥,장흥,
LOCATION-TYPE,GWANGYANG,광양,광양,
LOCATION-TYPE,DAMYANG,담양,담양,
LOCATION-TYPE,GOKSEONG,곡성,곡성,
LOCATION-TYPE,GURYE,구례,구례,
LOCATION-TYPE,GANGJIN,강진,강진,
LOCATION-TYPE,HAENAM,해남,해남,
LOCATION-TYPE,YEONGAM,영암,영암,
LOCATION-TYPE,MUAN,무안,무안,
LOCATION-TYPE,HAMPYEONG,함평,함평,
LOCATION-TYPE,YEONGGWANG,영광,영광,
LOCATION-TYPE,JANGSEONG,장성,장성,
LOCATION-TYPE,WANDO,완도,완도,
LOCATION-TYPE,JINDO,진도,진도,
LOCATION-TYPE,SINAN,신안,신안,
LOCATION-TYPE,GWANGJU,광주,광주,
LOCATION-TYPE,CHUNCHEON,춘천,춘천,
LOCATION-TYPE,WONJU,원주,원주,
LOCATION-TYPE,GANGLEUNG,강릉,강릉,
LOCATION-TYPE,DONGHAE,동해,동해,
LOCATION-TYPE,TAEBAEK,태백,태백,
LOCATION-TYPE,SOKCHO,속초,속초,
LOCATION-TYPE,SAMCHEOK,삼척,삼척,
LOCATION-TYPE,HONGCHEON,홍천,홍천,
LOCATION-TYPE,HOINGSEONG,횡성,횡성,
LOCATION-TYPE,YEONGWOL,영월,영월,
LOCATION-TYPE,PYEONGCHANG,평창,평창,
LOCATION-TYPE,JEONGSEON,정선,정선,
LOCATION-TYPE,CHEOLWON,철원,철원,
LOCATION-TYPE,HWACHEON,화천,화천,
LOCATION-TYPE,YANGGU,양구,양구,
LOCATION-TYPE,INJE,인제,인제,
LOCATION-TYPE,YANGYANG,양양,양양,
LOCATION-TYPE,SUWON,수원,수원,
LOCATION-TYPE,SEONGNAM,성남,성남,
LOCATION-TYPE,GOYANG,고양,고양,
LOCATION-TYPE,YONGIN,용인,용인,
LOCATION-TYPE,BUCHEON,부천,부천,
LOCATION-TYPE,ANSAN,안산,안산,
LOCATION-TYPE,ANYANG,안양,안양,
LOCATION-TYPE,HWASEONG,화성,화성,
LOCATION-TYPE,PYEONGTAEK,평택,평택,
LOCATION-TYPE,UIJEONGBU,의정부,의정부,
LOCATION-TYPE,SIHEUNG,시흥,시흥,
LOCATION-TYPE,PAJU,파주,파주,
LOCATION-TYPE,GWANGMYEONG,광명,광명,
LOCATION-TYPE,GIMPO,김포,김포,
LOCATION-TYPE,GUNPO,군포,군포,
LOCATION-TYPE,GYEONGGI-GWANGJU,경기광주,경기광주,
LOCATION-TYPE,ICHEON,이천,이천,
LOCATION-TYPE,YANGJU,양주,양주,
LOCATION-TYPE,OSAN,오산,오산,
LOCATION-TYPE,GURI,구리,구리,
LOCATION-TYPE,ANSEONG,안성,안성,
LOCATION-TYPE,POCHEON,포천,포천,
LOCATION-TYPE,UIWANG,의왕,의왕,
LOCATION-TYPE,HANAM,하남,하남,
LOCATION-TYPE,YEOJU,여주,여주,
LOCATION-TYPE,YANGPYEONG,양평,양평,
LOCATION-TYPE,DONGDUCHEON,동두천,동두천,
LOCATION-TYPE,GWACHEON,과천,과천,
LOCATION-TYPE,GAPYEONG,가평,가평,
LOCATION-TYPE,YEONCHEON,연천,연천,
LOCATION-TYPE,NAMYANGJU,남양주,남양주,
LOCATION-TYPE,INCHEON,인천,인천,
LOCATION-TYPE,SEOUL,서울,서울,
LOCATION-TYPE,YEONNAMDONG,연남동,연남동,
LOCATION-TYPE,SEONGDONG,성동,성동,
LOCATION-TYPE,GWANGJIN,광진,광진,
LOCATION-TYPE,DONGDAEMUN,동대문,동대문,
LOCATION-TYPE,JUNGRANG,중랑,중랑,
LOCATION-TYPE,SEONGBUK,성북,성북,
LOCATION-TYPE,GANGBUK,강북,강북,
LOCATION-TYPE,DOBONG,도봉,도봉,
LOCATION-TYPE,NOWON,노원,노원,
LOCATION-TYPE,SEODAEMUN,서대문,서대문,
LOCATION-TYPE,MAPO,마포,마포,
LOCATION-TYPE,GANGSEO,강서,강서,
LOCATION-TYPE,GURO,구로,구로,
LOCATION-TYPE,GEUMCHEON,금천,금천,
LOCATION-TYPE,GANGDONG,강동,강동,
LOCATION-TYPE,GWANAK,관악,관악,
LOCATION-TYPE,DONGJAK,동작,동작,
,,,,
,,,,
,,,,
,,,,
,,,,
,,,,
,,,,
,,,,
,,,,
,,,,
,,,,
,,,,
,,,,
,,,,
,,,,
,,,,
,,,,
,,,,
,,,,
,,,,
,,,,
,,,,
,,,,
,,,,
,,,,
,,,,
,,,,
,,,,
,,,,
,,,,
,,,,
,,,,
,,,,
,,,,
,,,,
,,,,
,,,,
,,,,
,,,,
,,,,
,,,,
,,,,
,,,,
,,,,
,,,,
,,,,
,,,,
,,,,
,,,,
,,,,
,,,,
,,,,
,,,,
,,,,
,,,,
,,,,
,,,,
,,,,
,,,,
,,,,
,,,,
,,,,
,,,,
,,,,
,,,,
,,,,
,,,,
,,,,
,,,,
,,,,
,,,,
,,,,
,,,,
,,,,
,,,,
,,,,
,,,,
,,,,
,,,,
,,,,
,,,,
,,,,
,,,,
,,,,
,,,,
,,,,
,,,,
,,,,
,,,,
,,,,
,,,,
,,,,
,,,,
,,,,
,,,,
,,,,
,,,,
,,,,
,,,,
,,,,
,,,,
,,,,
,,,,
,,,,
,,,,
,,,,
,,,,
,,,,
,,,,
,,,,
,,,,
,,,,
,,,,
,,,,
,,,,
,,,,
,,,,
,,,,
,,,,
,,,,
,,,,
,,,,
,,,,
,,,,
,,,,
,,,,
,,,,
,,,,
,,,,
,,,,
,,,,
,,,,
,,,,
,,,,
,,,,
,,,,
,,,,
,,,,
,,,,
,,,,
,,,,
,,,,
,,,,
,,,,
,,,,
,,,,
,,,,
,,,,
,,,,
,,,,
,,,,
,,,,
,,,,
,,,,
,,,,
,,,,
,,,,
,,,,
,,,,
,,,,
,,,,
,,,,
,,,,
,,,,
,,,,
,,,,
,,,,
,,,,
,,,,
,,,,
,,,,
,,,,
,,,,
,,,,
,,,,
,,,,
,,,,
,,,,
,,,,
,,,,
,,,,
,,,,
,,,,
,,,,
,,,,
,,,,
,,,,
,,,,
,,,,
,,,,
,,,,
,,,,
,,,,
,,,,
,,,,
,,,,
,,,,
,,,,
,,,,
,,,,
,,,,
,,,,
,,,,
,,,,
,,,,
,,,,
,,,,
,,,,
,,,,
,,,,
,,,,
,,,,
,,,,
,,,,
,,,,
,,,,
,,,,
,,,,
,,,,
,,,,
,,,,
,,,,
,,,,
,,,,
,,,,
,,,,
,,,,
,,,,
,,,,
,,,,
,,,,
,,,,
,,,,
,,,,
,,,,
,,,,
,,,,
,,,,
,,,,
,,,,
,,,,
,,,,
,,,,
,,,,
,,,,
,,,,
,,,,
,,,,
,,,,
,,,,
,,,,
,,,,
,,,,
,,,,
,,,,
,,,,
,,,,
,,,,
,,,,
,,,,
,,,,
,,,,
,,,,
,,,,
,,,,
,,,,
,,,,
,,,,
,,,,
,,,,
,,,,
,,,,
,,,,
,,,,
,,,,
,,,,
,,,,
,,,,
,,,,
,,,,
,,,,
,,,,
,,,,
,,,,
,,,,
,,,,
,,,,
,,,,
,,,,
,,,,
,,,,
,,,,
,,,,
,,,,
,,,,
,,,,
,,,,
,,,,
,,,,
,,,,
,,,,
,,,,
,,,,
,,,,
,,,,
,,,,
,,,,
,,,,
,,,,
,,,,
,,,,
,,,,
,,,,
,,,,
,,,,
,,,,
,,,,
,,,,
,,,,
,,,,
,,,,
,,,,
,,,,
,,,,
,,,,
,,,,
,,,,
,,,,
,,,,
,,,,
,,,,
,,,,
,,,,
,,,,
,,,,
,,,,
,,,,
,,,,
,,,,
,,,,
,,,,
,,,,
,,,,
,,,,
,,,,
,,,,
,,,,
,,,,
,,,,
,,,,
,,,,
,,,,
,,,,
,,,,
,,,,
,,,,
,,,,
,,,,
,,,,
,,,,
,,,,
,,,,
,,,,
,,,,
,,,,
,,,,
,,,,
,,,,
,,,,
,,,,
,,,,
,,,,
,,,,
,,,,
,,,,
,,,,
,,,,
,,,,
,,,,
,,,,
,,,,
,,,,
,,,,
,,,,
,,,,
,,,,
,,,,
,,,,
,,,,
,,,,
,,,,
,,,,
,,,,
,,,,
,,,,
,,,,
,,,,
,,,,
,,,,
,,,,
,,,,
,,,,
,,,,
,,,,
,,,,
,,,,
,,,,
,,,,
,,,,
,,,,
,,,,
,,,,
,,,,
,,,,
,,,,
,,,,
,,,,
,,,,
,,,,
,,,,
,,,,
,,,,
,,,,
,,,,
,,,,
,,,,
,,,,
,,,,
,,,,
,,,,
,,,,
,,,,
,,,,
,,,,
,,,,
,,,,
,,,,
,,,,
,,,,
,,,,
,,,,
,,,,
,,,,
,,,,
,,,,
,,,,
,,,,
,,,,
,,,,
,,,,
,,,,
,,,,
,,,,
,,,,
,,,,
,,,,
,,,,
,,,,
,,,,
,,,,
,,,,
,,,,
,,,,
,,,,
,,,,
,,,,
,,,,
,,,,
,,,,
,,,,
,,,,
,,,,
,,,,
,,,,
,,,,
,,,,
,,,,
,,,,
,,,,
,,,,
,,,,
,,,,
,,,,
,,,,
,,,,
,,,,
,,,,
,,,,
,,,,
,,,,
,,,,
,,,,
,,,,
,,,,
,,,,
,,,,
,,,,
,,,,
,,,,
,,,,
,,,,
,,,,
,,,,
,,,,
,,,,
,,,,
,,,,
,,,,
,,,,
,,,,
,,,,
,,,,
,,,,
,,,,
,,,,
,,,,
,,,,
,,,,
,,,,
,,,,
,,,,
,,,,
,,,,
,,,,
,,,,
,,,,
,,,,
,,,,
,,,,
,,,,
,,,,
,,,,
,,,,
,,,,
,,,,
,,,,
,,,,
,,,,
,,,,
,,,,
,,,,
,,,,
,,,,
,,,,
,,,,
,,,,
,,,,
,,,,
,,,,
,,,,
,,,,
,,,,
,,,,
,,,,
,,,,
,,,,
,,,,
,,,,
,,,,
,,,,
,,,,
,,,,
,,,,
,,,,
,,,,
,,,,
,,,,
,,,,
,,,,
,,,,
,,,,
,,,,
,,,,
,,,,
,,,,
,,,,
,,,,
,,,,
,,,,
,,,,
,,,,
,,,,
,,,,
,,,,
,,,,
,,,,
,,,,
,,,,
,,,,
,,,,
,,,,
,,,,
,,,,
,,,,
,,,,
,,,,
,,,,
,,,,
,,,,
,,,,
,,,,
,,,,
,,,,
,,,,
,,,,
,,,,
,,,,
,,,,
,,,,
,,,,
,,,,
,,,,
,,,,
,,,,
,,,,
,,,,
,,,,
,,,,
,,,,
,,,,
,,,,
,,,,
,,,,
,,,,
,,,,
,,,,
,,,,
,,,,
,,,,
,,,,
,,,,
,,,,
,,,,
,,,,
,,,,
,,,,
,,,,
,,,,
,,,,
,,,,
,,,,
,,,,
,,,,
,,,,
,,,,
,,,,
,,,,
,,,,
,,,,
,,,,
,,,,
,,,,
,,,,
,,,,
,,,,
,,,,
,,,,
,,,,
,,,,
,,,,
,,,,
,,,,
,,,,
,,,,
,,,,
,,,,
,,,,
,,,,
,,,,
,,,,
,,,,
,,,,
,,,,
,,,,
,,,,
,,,,
,,,,
,,,,
,,,,
,,,,
,,,,
,,,,
,,,,
,,,,
,,,,
,,,,
,,,,
,,,,
,,,,
,,,,
,,,,
,,,,
,,,,
,,,,
,,,,
,,,,
,,,,
,,,,
,,,,
,,,,
,,,,
,,,,
,,,,
,,,,
,,,,
,,,,
,,,,
,,,,
,,,,
,,,,
,,,,
,,,,
,,,,
,,,,
,,,,
,,,,
,,,,
,,,,
,,,,
,,,,
,,,,
,,,,
,,,,
,,,,
,,,,
,,,,
,,,,
,,,,
,,,,
,,,,
,,,,
,,,,
,,,,
,,,,
,,,,
,,,,
,,,,
,,,,
,,,,
,,,,
,,,,
,,,,
,,,,
,,,,
,,,,
,,,,
,,,,
,,,,
,,,,
,,,,
,,,,
,,,,
,,,,
,,,,
,,,,
,,,,
,,,,
,,,,
,,,,
,,,,
,,,,
,,,,
,,,,
,,,,
,,,,
,,,,
,,,,
,,,,
,,,,
NOT-SWEET,NOT-SWEET,안 단,달달하지 않은 맛의,
NOT-HOT,NOT-HOT,맵지 않은,맵지 않은 맛의,
NOT-JAGEUKJEOK,NOT-JAGEUKJEOK,안 자극적인,자극적이지 않은 맛의,
NOT-OILY,NOT-OILY,기름지지 않은,기름지지 않은 맛의,
NOT-BLAND,NOT-BLAND,안 싱거운,싱겁지 않은 맛의,
KKALKKEUM,KKALKKEUM,깔끔한 맛의,깔끔한 맛의,
NOT-SALTY,NOT-SALTY,짜지 않은,짜지 않은 맛의,
SWEET,SWEET,달달한,달달한 맛의,
HOT,HOT,매운,매운 맛의,
SWEET-SALTY,SWEET-SALTY,단짠단짠,단짠단짠한 맛의,
SIWON,SIWON,시원한,시원한 맛의,
GOSO,GOSO,고소한,고소한 맛의,
FIRE,FIRE,불맛이 나는,불맛이 나는,
FRESH,FRESH,싱싱한,싱싱한 맛의,
JJONDEUK,JJONDEUK,쫀득쫀득,쫀득쫀득한 느낌의,
CRUNCHY,CRUNCHY,바삭바삭한,바삭바삭한 식감의,
OILY,OILY,기름진,기름진 느낌의,
TTAKKEUN,TTAKKEUN,따끈따끈한,따끈한 느낌의,
CHEWY,CHEWY,탱글탱글,탱글탱글한 느낌의,
FUDGY,FUDGY,꾸덕한,꾸덕한 느낌의,
CREAMY,CREAMY,부드러운,크리미한 느낌의,
STRONG,STRONG,진한,진한 느낌의,
SPICY-SWEET,SPICY-SWEET,맵달맵달,맵달한 맛의,
COLD,COLD,차가운,차가운,
LOVER,여친,GOOD-TO-GO1,애인과 함께,
LOVER,남친,GOOD-TO-GO1,애인과 함께,
LOVER,애인,GOOD-TO-GO1,애인과 함께,
LOVER,여자친구,GOOD-TO-GO1,애인과 함께,
LOVER,남자친구,GOOD-TO-GO1,애인과 함께,
LOVER,약혼자,GOOD-TO-GO1,애인과 함께,
LOVER,약혼녀,GOOD-TO-GO1,애인과 함께,
LOVER,커플,GOOD-TO-GO1,애인과 함께,
LOVER,부인,GOOD-TO-GO1,애인과 함께,
LOVER,와이프,GOOD-TO-GO1,애인과 함께,
LOVER,남편,GOOD-TO-GO1,애인과 함께,
LOVER,신랑,GOOD-TO-GO1,애인과 함께,
LOVER,마누라,GOOD-TO-GO1,애인과 함께,
LOVER,안사람,GOOD-TO-GO1,애인과 함께,
LOVER,집사람,GOOD-TO-GO1,애인과 함께,
LOVER,아내,GOOD-TO-GO1,애인과 함께,
LOVER,파트너,GOOD-TO-GO1,애인과 함께,
LOVER,동반자,GOOD-TO-GO1,애인과 함께,
LOVER,동거인여친,GOOD-TO-GO1,애인과 함께,
LOVER,남친,GOOD-TO-GO1,애인과 함께,
LOVER,애인,GOOD-TO-GO1,애인과 함께,
LOVER,여자친구,GOOD-TO-GO1,애인과 함께,
LOVER,남자친구,GOOD-TO-GO1,애인과 함께,
LOVER,약혼자,GOOD-TO-GO1,애인과 함께,
LOVER,약혼녀,GOOD-TO-GO1,애인과 함께,
LOVER,커플,GOOD-TO-GO1,애인과 함께,
LOVER,부인,GOOD-TO-GO1,애인과 함께,
LOVER,와이프,GOOD-TO-GO1,애인과 함께,
LOVER,남편,GOOD-TO-GO1,애인과 함께,
LOVER,신랑,GOOD-TO-GO1,애인과 함께,
LOVER,마누라,GOOD-TO-GO1,애인과 함께,
LOVER,안사람,GOOD-TO-GO1,애인과 함께,
LOVER,집사람,GOOD-TO-GO1,애인과 함께,
LOVER,아내,GOOD-TO-GO1,애인과 함께,
LOVER,파트너,GOOD-TO-GO1,애인과 함께,
LOVER,동반자,GOOD-TO-GO1,애인과 함께,
LOVER,동거인,GOOD-TO-GO1,애인과 함께,
FRIEND,친구들,GOOD-TO-GO1,친구와 함께,
FRIEND,친구,GOOD-TO-GO1,친구와 함께,
FRIEND,절친들,GOOD-TO-GO1,친구와 함께,
FRIEND,절친,GOOD-TO-GO1,친구와 함께,
FRIEND,남사친들,GOOD-TO-GO1,친구와 함께,
FRIEND,남사친,GOOD-TO-GO1,친구와 함께,
FRIEND,여사친들,GOOD-TO-GO1,친구와 함께,
FRIEND,여사친,GOOD-TO-GO1,친구와 함께,
FRIEND,베프들,GOOD-TO-GO1,친구와 함께,
FRIEND,베프,GOOD-TO-GO1,친구와 함께,
FRIEND,직장 동료들,GOOD-TO-GO1,친구와 함께,
FRIEND,직장 동료,GOOD-TO-GO1,친구와 함께,
FRIEND,동료들,GOOD-TO-GO1,친구와 함께,
FRIEND,동료,GOOD-TO-GO1,친구와 함께,
FRIEND,동기들,GOOD-TO-GO1,친구와 함께,
FRIEND,동기,GOOD-TO-GO1,친구와 함께,
FRIEND,선배들,GOOD-TO-GO1,친구와 함께,
FRIEND,선배,GOOD-TO-GO1,친구와 함께,
FRIEND,후배들,GOOD-TO-GO1,친구와 함께,
FRIEND,후배,GOOD-TO-GO1,친구와 함께,
FRIEND,선후배들,GOOD-TO-GO1,친구와 함께,
FRIEND,선후배,GOOD-TO-GO1,친구와 함께,
FRIEND,동창들,GOOD-TO-GO1,친구와 함께,
FRIEND,동창,GOOD-TO-GO1,친구와 함께,
FAMILY,부모님,GOOD-TO-GO1,가족과 함께,
FAMILY,부모,GOOD-TO-GO1,가족과 함께,
FAMILY,엄마,GOOD-TO-GO1,가족과 함께,
FAMILY,아빠,GOOD-TO-GO1,가족과 함께,
FAMILY,어머니,GOOD-TO-GO1,가족과 함께,
FAMILY,아버지,GOOD-TO-GO1,가족과 함께,
FAMILY,사촌 동생들,GOOD-TO-GO1,가족과 함께,
FAMILY,사촌 동생,GOOD-TO-GO1,가족과 함께,
FAMILY,사촌 오빠들,GOOD-TO-GO1,가족과 함께,
FAMILY,사촌 오빠,GOOD-TO-GO1,가족과 함께,
FAMILY,사촌 누나들,GOOD-TO-GO1,가족과 함께,
FAMILY,사촌 누나,GOOD-TO-GO1,가족과 함께,
FAMILY,사촌 형들,GOOD-TO-GO1,가족과 함께,
FAMILY,사촌 형,GOOD-TO-GO1,가족과 함께,
FAMILY,사촌 언니들,GOOD-TO-GO1,가족과 함께,
FAMILY,사촌 언니,GOOD-TO-GO1,가족과 함께,
FAMILY,사촌 누이들,GOOD-TO-GO1,가족과 함께,
FAMILY,사촌 누이,GOOD-TO-GO1,가족과 함께,
FAMILY,동생들,GOOD-TO-GO1,가족과 함께,
FAMILY,동생,GOOD-TO-GO1,가족과 함께,
FAMILY,오빠들,GOOD-TO-GO1,가족과 함께,
FAMILY,오빠,GOOD-TO-GO1,가족과 함께,
FAMILY,누나들,GOOD-TO-GO1,가족과 함께,
FAMILY,누나,GOOD-TO-GO1,가족과 함께,
FAMILY,형들,GOOD-TO-GO1,가족과 함께,
FAMILY,형,GOOD-TO-GO1,가족과 함께,
FAMILY,언니들,GOOD-TO-GO1,가족과 함께,
FAMILY,언니,GOOD-TO-GO1,가족과 함께,
FAMILY,누이들,GOOD-TO-GO1,가족과 함께,
FAMILY,누이,GOOD-TO-GO1,가족과 함께,
FAMILY,시 부모님,GOOD-TO-GO1,가족과 함께,
FAMILY,시 부모,GOOD-TO-GO1,가족과 함께,
FAMILY,시 엄마,GOOD-TO-GO1,가족과 함께,
FAMILY,시 아빠,GOOD-TO-GO1,가족과 함께,
FAMILY,시 어머니,GOOD-TO-GO1,가족과 함께,
FAMILY,시 아버지,GOOD-TO-GO1,가족과 함께,
FAMILY,친정 부모님,GOOD-TO-GO1,가족과 함께,
FAMILY,친정 부모,GOOD-TO-GO1,가족과 함께,
FAMILY,친정 엄마,GOOD-TO-GO1,가족과 함께,
FAMILY,친정 아빠,GOOD-TO-GO1,가족과 함께,
FAMILY,친정 어머니,GOOD-TO-GO1,가족과 함께,
FAMILY,친정 아버지,GOOD-TO-GO1,가족과 함께,
FAMILY,조카들,GOOD-TO-GO1,가족과 함께,
FAMILY,조카,GOOD-TO-GO1,가족과 함께,
FAMILY,손자들,GOOD-TO-GO1,가족과 함께,
FAMILY,손자,GOOD-TO-GO1,가족과 함께,
FAMILY,손녀들,GOOD-TO-GO1,가족과 함께,
FAMILY,손녀,GOOD-TO-GO1,가족과 함께,
FAMILY,손주들,GOOD-TO-GO1,가족과 함께,
FAMILY,손주,GOOD-TO-GO1,가족과 함께,
FAMILY,가족들,GOOD-TO-GO1,가족과 함께,
FAMILY,가족,GOOD-TO-GO1,가족과 함께,
ANNIVERSARY,특별한 날때,GOOD-TO-GO2,기념일에,
ANNIVERSARY,특별한 날,GOOD-TO-GO2,기념일에,
ANNIVERSARY,기념일때,GOOD-TO-GO2,기념일에,
ANNIVERSARY,기념일,GOOD-TO-GO2,기념일에,
ANNIVERSARY,결혼기념일때,GOOD-TO-GO2,기념일에,
ANNIVERSARY,결혼기념일,GOOD-TO-GO2,기념일에,
ANNIVERSARY,생일때,GOOD-TO-GO2,기념일에,
ANNIVERSARY,생일,GOOD-TO-GO2,기념일에,
ANNIVERSARY,생신때,GOOD-TO-GO2,기념일에,
ANNIVERSARY,생신,GOOD-TO-GO2,기념일에,
ENGAGEMENT,여친을 소개시켜줄때,GOOD-TO-GO2,첫 만남에,
ENGAGEMENT,여친을 소개할때,GOOD-TO-GO2,첫 만남에,
ENGAGEMENT,여친을 소개받을때,GOOD-TO-GO2,첫 만남에,
ENGAGEMENT,여친 소개시켜줄때,GOOD-TO-GO2,첫 만남에,
ENGAGEMENT,여친 소개할때,GOOD-TO-GO2,첫 만남에,
ENGAGEMENT,여친 소개받을때,GOOD-TO-GO2,첫 만남에,
ENGAGEMENT,남친을 소개시켜줄때,GOOD-TO-GO2,첫 만남에,
ENGAGEMENT,남친을 소개할때,GOOD-TO-GO2,첫 만남에,
ENGAGEMENT,남친을 소개받을때,GOOD-TO-GO2,첫 만남에,
ENGAGEMENT,남친 소개시켜줄때,GOOD-TO-GO2,첫 만남에,
ENGAGEMENT,남친 소개할때,GOOD-TO-GO2,첫 만남에,
ENGAGEMENT,남친 소개받을때,GOOD-TO-GO2,첫 만남에,
ENGAGEMENT,여자친구를 소개시켜줄때,GOOD-TO-GO2,첫 만남에,
ENGAGEMENT,여자친구를 소개할때,GOOD-TO-GO2,첫 만남에,
ENGAGEMENT,여자친구를 소개받을때,GOOD-TO-GO2,첫 만남에,
ENGAGEMENT,여자친구 소개시켜줄때,GOOD-TO-GO2,첫 만남에,
ENGAGEMENT,여자친구 소개할때,GOOD-TO-GO2,첫 만남에,
ENGAGEMENT,여자친구 소개받을때,GOOD-TO-GO2,첫 만남에,
ENGAGEMENT,남자친구를 소개시켜줄때,GOOD-TO-GO2,첫 만남에,
ENGAGEMENT,남자친구를 소개할때,GOOD-TO-GO2,첫 만남에,
ENGAGEMENT,남자친구를 소개받을때,GOOD-TO-GO2,첫 만남에,
ENGAGEMENT,남자친구 소개시켜줄때,GOOD-TO-GO2,첫 만남에,
ENGAGEMENT,남자친구 소개할때,GOOD-TO-GO2,첫 만남에,
ENGAGEMENT,남자친구 소개받을때,GOOD-TO-GO2,첫 만남에,
ENGAGEMENT,부모님을 소개시켜줄때,GOOD-TO-GO2,첫 만남에,
ENGAGEMENT,부모님을 소개할때,GOOD-TO-GO2,첫 만남에,
ENGAGEMENT,부모님 소개시켜줄때,GOOD-TO-GO2,첫 만남에,
ENGAGEMENT,부모님 소개할때,GOOD-TO-GO2,첫 만남에,
ENGAGEMENT,상견례에,GOOD-TO-GO2,첫 만남에,
ENGAGEMENT,상견례 갈 때,GOOD-TO-GO2,첫 만남에,
ENGAGEMENT,상견례 할 때,GOOD-TO-GO2,첫 만남에,
ENGAGEMENT,상견례 때,GOOD-TO-GO2,첫 만남에,
ENGAGEMENT,약혼에,GOOD-TO-GO2,첫 만남에,
ENGAGEMENT,약혼 갈 때,GOOD-TO-GO2,첫 만남에,
ENGAGEMENT,약혼 할 때,GOOD-TO-GO2,첫 만남에,
ENGAGEMENT,약혼 때,GOOD-TO-GO2,첫 만남에,
ENGAGEMENT,프로포즈에,GOOD-TO-GO2,첫 만남에,
ENGAGEMENT,프로포즈 갈 때,GOOD-TO-GO2,첫 만남에,
ENGAGEMENT,프로포즈 할 때,GOOD-TO-GO2,첫 만남에,
ENGAGEMENT,프로포즈 때,GOOD-TO-GO2,첫 만남에,
ENGAGEMENT,소개팅에,GOOD-TO-GO2,첫 만남에,
ENGAGEMENT,소개팅 갈 때,GOOD-TO-GO2,첫 만남에,
ENGAGEMENT,소개팅 할 때,GOOD-TO-GO2,첫 만남에,
ENGAGEMENT,소개팅 때,GOOD-TO-GO2,첫 만남에,
ENGAGEMENT,미팅에,GOOD-TO-GO2,첫 만남에,
ENGAGEMENT,미팅 갈 때,GOOD-TO-GO2,첫 만남에,
ENGAGEMENT,미팅 할 때,GOOD-TO-GO2,첫 만남에,
ENGAGEMENT,미팅 때,GOOD-TO-GO2,첫 만남에,
ENGAGEMENT,맞선 볼 때,GOOD-TO-GO2,첫 만남에,
ENGAGEMENT,선 볼 때,GOOD-TO-GO2,첫 만남에,
FIRSTBIRTHDAY,돌잔치에 좋은,GOOD-TO-GO2,아기 기념일에,
FIRSTBIRTHDAY,돌잔치에 알맞은,GOOD-TO-GO2,아기 기념일에,
FIRSTBIRTHDAY,돌잔치에 가기 좋은,GOOD-TO-GO2,아기 기념일에,
FIRSTBIRTHDAY,돌잔치에 갈만한,GOOD-TO-GO2,아기 기념일에,
FIRSTBIRTHDAY,돌잔치 때 좋은,GOOD-TO-GO2,아기 기념일에,
FIRSTBIRTHDAY,돌잔치 때 알맞은,GOOD-TO-GO2,아기 기념일에,
FIRSTBIRTHDAY,돌잔치 때 가기 좋은,GOOD-TO-GO2,아기 기념일에,
FIRSTBIRTHDAY,돌잔치 때 갈만한,GOOD-TO-GO2,아기 기념일에,
FIRSTBIRTHDAY,돌잔치 하기 좋은,GOOD-TO-GO2,아기 기념일에,
FIRSTBIRTHDAY,돌잔치 열기 좋은,GOOD-TO-GO2,아기 기념일에,
FIRSTBIRTHDAY,백일잔치에 좋은,GOOD-TO-GO2,아기 기념일에,
FIRSTBIRTHDAY,백일잔치에 알맞은,GOOD-TO-GO2,아기 기념일에,
FIRSTBIRTHDAY,백일잔치에 가기 좋은,GOOD-TO-GO2,아기 기념일에,
FIRSTBIRTHDAY,백일잔치에 갈만한,GOOD-TO-GO2,아기 기념일에,
FIRSTBIRTHDAY,백일잔치 때 좋은,GOOD-TO-GO2,아기 기념일에,
FIRSTBIRTHDAY,백일잔치 때 알맞은,GOOD-TO-GO2,아기 기념일에,
FIRSTBIRTHDAY,백일잔치 때 가기 좋은,GOOD-TO-GO2,아기 기념일에,
FIRSTBIRTHDAY,백일잔치 때 갈만한,GOOD-TO-GO2,아기 기념일에,
FIRSTBIRTHDAY,백일잔치 하기 좋은,GOOD-TO-GO2,아기 기념일에,
FIRSTBIRTHDAY,백일잔치 열기 좋은,GOOD-TO-GO2,아기 기념일에,
COLD-WEATHER,추운 날에,GOOD-TO-GO2,추운 날씨에,
COLD-WEATHER,추운 날,GOOD-TO-GO2,추운 날씨에,
COLD-WEATHER,추운 날씨에,GOOD-TO-GO2,추운 날씨에,
COLD-WEATHER,쌀쌀한 날에,GOOD-TO-GO2,추운 날씨에,
COLD-WEATHER,쌀쌀한 날,GOOD-TO-GO2,추운 날씨에,
COLD-WEATHER,쌀쌀한 날씨에,GOOD-TO-GO2,추운 날씨에,
COLD-WEATHER,쌀쌀할때에,GOOD-TO-GO2,추운 날씨에,
COLD-WEATHER,쌀쌀할때,GOOD-TO-GO2,추운 날씨에,
COLD-WEATHER,추울 때에,GOOD-TO-GO2,추운 날씨에,
COLD-WEATHER,추울 때,GOOD-TO-GO2,추운 날씨에,
COLD-WEATHER,겨울에,GOOD-TO-GO2,추운 날씨에,
COLD-WEATHER,한겨울에,GOOD-TO-GO2,추운 날씨에,
COLD-WEATHER,날씨가 추운 날에,GOOD-TO-GO2,추운 날씨에,
COLD-WEATHER,날씨가 추운 날,GOOD-TO-GO2,추운 날씨에,
COLD-WEATHER,날씨가 쌀쌀한 날에,GOOD-TO-GO2,추운 날씨에,
COLD-WEATHER,날씨가 쌀쌀한 날,GOOD-TO-GO2,추운 날씨에,
COLD-WEATHER,날씨가 쌀쌀할때에,GOOD-TO-GO2,추운 날씨에,
COLD-WEATHER,날씨가 쌀쌀할때,GOOD-TO-GO2,추운 날씨에,
COLD-WEATHER,날씨가 추울 때에,GOOD-TO-GO2,추운 날씨에,
COLD-WEATHER,날씨가 추울 때,GOOD-TO-GO2,추운 날씨에,
COLD-WEATHER,날씨 추운 날에,GOOD-TO-GO2,추운 날씨에,
COLD-WEATHER,날씨 추운 날,GOOD-TO-GO2,추운 날씨에,
COLD-WEATHER,날씨 쌀쌀한 날에,GOOD-TO-GO2,추운 날씨에,
COLD-WEATHER,날씨 쌀쌀한 날,GOOD-TO-GO2,추운 날씨에,
COLD-WEATHER,날씨 쌀쌀할때에,GOOD-TO-GO2,추운 날씨에,
COLD-WEATHER,날씨 쌀쌀할때,GOOD-TO-GO2,추운 날씨에,
COLD-WEATHER,날씨 추울 때에,GOOD-TO-GO2,추운 날씨에,
COLD-WEATHER,날씨 추울 때,GOOD-TO-GO2,추운 날씨에,
COLD-WEATHER,겨울 날씨에,GOOD-TO-GO2,추운 날씨에,
COLD-WEATHER,한겨울 날씨에,GOOD-TO-GO2,추운 날씨에,
HOT-WEATHER,더운 날에,GOOD-TO-GO2,더운 날씨에,
HOT-WEATHER,더운 날,GOOD-TO-GO2,더운 날씨에,
HOT-WEATHER,더운 날씨에,GOOD-TO-GO2,더운 날씨에,
HOT-WEATHER,날씨가 더운 날에,GOOD-TO-GO2,더운 날씨에,
HOT-WEATHER,날씨가 더운 날,GOOD-TO-GO2,더운 날씨에,
HOT-WEATHER,날씨가 후덥지끈한 날에,GOOD-TO-GO2,더운 날씨에,
HOT-WEATHER,날씨가 후덥지끈한 날,GOOD-TO-GO2,더운 날씨에,
HOT-WEATHER,날씨가 더울 때에,GOOD-TO-GO2,더운 날씨에,
HOT-WEATHER,날씨가 더울 때,GOOD-TO-GO2,더운 날씨에,
HOT-WEATHER,날씨 더운 날에,GOOD-TO-GO2,더운 날씨에,
HOT-WEATHER,날씨 더운 날,GOOD-TO-GO2,더운 날씨에,
HOT-WEATHER,날씨 후덥지끈한 날에,GOOD-TO-GO2,더운 날씨에,
HOT-WEATHER,날씨 후덥지끈한 날,GOOD-TO-GO2,더운 날씨에,
HOT-WEATHER,날씨 더울 때에,GOOD-TO-GO2,더운 날씨에,
HOT-WEATHER,날씨 더울 때,GOOD-TO-GO2,더운 날씨에,
HOT-WEATHER,후덥지끈한 날에,GOOD-TO-GO2,더운 날씨에,
HOT-WEATHER,후덥지끈한 날,GOOD-TO-GO2,더운 날씨에,
HOT-WEATHER,후덥지끈한 날씨에,GOOD-TO-GO2,더운 날씨에,
HOT-WEATHER,더울 때에,GOOD-TO-GO2,더운 날씨에,
HOT-WEATHER,더울 때,GOOD-TO-GO2,더운 날씨에,
HOT-WEATHER,여름에,GOOD-TO-GO2,더운 날씨에,
HOT-WEATHER,한여름에,GOOD-TO-GO2,더운 날씨에,
HOT-WEATHER,여름 날씨에,GOOD-TO-GO2,더운 날씨에,
HOT-WEATHER,한여름 날씨에,GOOD-TO-GO2,더운 날씨에,
LOVER-VERB,데이트에,GOOD-TO-GO2,데이트 할때,
LOVER-VERB,데이트 할 때,GOOD-TO-GO2,데이트 할때,
LOVER-VERB,데이트 때,GOOD-TO-GO2,데이트 할때,
LOVER-VERB,연애할때,GOOD-TO-GO2,데이트 할때,
CLIMBING,하산 하고나서,GOOD-TO-GO2,등산 후에,
CLIMBING,하산 후,GOOD-TO-GO2,등산 후에,
CLIMBING,하산 후에,GOOD-TO-GO2,등산 후에,
CLIMBING,산에 갔다와서,GOOD-TO-GO2,등산 후에,
CLIMBING,산타고 나서,GOOD-TO-GO2,등산 후에,
CLIMBING,산에서 내려와서,GOOD-TO-GO2,등산 후에,
CLIMBING,등산 하고나서,GOOD-TO-GO2,등산 후에,
CLIMBING,등산 후,GOOD-TO-GO2,등산 후에,
CLIMBING,등산 후에,GOOD-TO-GO2,등산 후에,
CLIMBING,등산 끝내고,GOOD-TO-GO2,등산 후에,
CLIMBING,등산 끝나고,GOOD-TO-GO2,등산 후에,
CLIMBING,등산 마치고,GOOD-TO-GO2,등산 후에,
SOCCER,축구 하고나서,GOOD-TO-GO2,축구 후에,
SOCCER,축구 후,GOOD-TO-GO2,축구 후에,
SOCCER,축구 후에,GOOD-TO-GO2,축구 후에,
SOCCER,축구 끝내고,GOOD-TO-GO2,축구 후에,
SOCCER,축구 끝나고,GOOD-TO-GO2,축구 후에,
SOCCER,풋살 하고나서,GOOD-TO-GO2,축구 후에,
SOCCER,풋살 후,GOOD-TO-GO2,축구 후에,
SOCCER,풋살 후에,GOOD-TO-GO2,축구 후에,
SOCCER,풋살 끝내고,GOOD-TO-GO2,축구 후에,
SOCCER,풋살 끝나고,GOOD-TO-GO2,축구 후에,
BASKETBALL,농구 하고나서,GOOD-TO-GO2,농구 후에,
BASKETBALL,농구 후,GOOD-TO-GO2,농구 후에,
BASKETBALL,농구 후에,GOOD-TO-GO2,농구 후에,
BASKETBALL,농구 끝내고,GOOD-TO-GO2,농구 후에,
BASKETBALL,농구 끝나고,GOOD-TO-GO2,농구 후에,
ALCOHOL,술 먹고 나서,GOOD-TO-GO2,술 먹은 후에,
ALCOHOL,술 먹고 나서 속 쓰릴때,GOOD-TO-GO2,술 먹은 후에,
ALCOHOL,술 먹고,GOOD-TO-GO2,술 먹은 후에,
ALCOHOL,술 먹고 속 쓰릴때,GOOD-TO-GO2,술 먹은 후에,
ALCOHOL,술 먹은 후,GOOD-TO-GO2,술 먹은 후에,
ALCOHOL,술 먹은 후 속 쓰릴때,GOOD-TO-GO2,술 먹은 후에,
ALCOHOL,술 먹은 후에,GOOD-TO-GO2,술 먹은 후에,
ALCOHOL,술 먹은 후에 속 쓰릴때,GOOD-TO-GO2,술 먹은 후에,
ALCOHOL,술 해장 하러,GOOD-TO-GO2,술 먹은 후에,
ALCOHOL,술 해장할 때,GOOD-TO-GO2,술 먹은 후에,
ALCOHOL,술 취했을때,GOOD-TO-GO2,술 먹은 후에,
ALCOHOL,술 깨러,GOOD-TO-GO2,술 먹은 후에,
ALCOHOL,술 안깰때,GOOD-TO-GO2,술 먹은 후에,
ALCOHOL,해장 하러,GOOD-TO-GO2,술 먹은 후에,
ALCOHOL,해장할 때,GOOD-TO-GO2,술 먹은 후에,
ALCOHOL,취했을때,GOOD-TO-GO2,술 먹은 후에,
ALCOHOL,숙취에,GOOD-TO-GO2,술 먹은 후에,
ALCOHOL,숙취해소에,GOOD-TO-GO2,술 먹은 후에,
PARTY,파티할 때 가기 좋은,GOODTOGO-VERB,파티때,
PARTY,파티할 때 갈만한,GOODTOGO-VERB,파티때,
ALONE,혼밥 하기 좋은,GOODTOGO-VERB,혼자서,
ALONE,혼자 가기 좋은,GOODTOGO-VERB,혼자서,
ALONE,혼자 먹기 좋은,GOODTOGO-VERB,혼자서,
ALONE,홀로 가기 좋은,GOODTOGO-VERB,혼자서,
ALONE,홀로 먹기 좋은,GOODTOGO-VERB,혼자서,
COUPLE,2인이 가기 좋은,GOODTOGO-VERB,둘이서,
COUPLE,2인이서 가기 좋은,GOODTOGO-VERB,둘이서,
COUPLE,2명이 가기 좋은,GOODTOGO-VERB,둘이서,
COUPLE,2명이서 가기 좋은,GOODTOGO-VERB,둘이서,
COUPLE,2명 가기 좋은,GOODTOGO-VERB,둘이서,
COUPLE,두명이 가기 좋은,GOODTOGO-VERB,둘이서,
COUPLE,두명이서 가기 좋은,GOODTOGO-VERB,둘이서,
COUPLE,두명 가기 좋은,GOODTOGO-VERB,둘이서,
COUPLE,둘이 가기 좋은,GOODTOGO-VERB,둘이서,
COUPLE,둘이서 가기 좋은,GOODTOGO-VERB,둘이서,
TRIPLE,3인이 가기 좋은,GOODTOGO-VERB,"3, 4명이서",
TRIPLE,3인이서 가기 좋은,GOODTOGO-VERB,"3, 4명이서",
TRIPLE,3명이 가기 좋은,GOODTOGO-VERB,"3, 4명이서",
TRIPLE,3명이서 가기 좋은,GOODTOGO-VERB,"3, 4명이서",
TRIPLE,3명 가기 좋은,GOODTOGO-VERB,"3, 4명이서",
TRIPLE,세명이 가기 좋은,GOODTOGO-VERB,"3, 4명이서",
TRIPLE,세명이서 가기 좋은,GOODTOGO-VERB,"3, 4명이서",
TRIPLE,세명 가기 좋은,GOODTOGO-VERB,"3, 4명이서",
TRIPLE,4인이 가기 좋은,GOODTOGO-VERB,"3, 4명이서",
TRIPLE,4인이서 가기 좋은,GOODTOGO-VERB,"3, 4명이서",
TRIPLE,4명이 가기 좋은,GOODTOGO-VERB,"3, 4명이서",
TRIPLE,4명이서 가기 좋은,GOODTOGO-VERB,"3, 4명이서",
TRIPLE,4명 가기 좋은,GOODTOGO-VERB,"3, 4명이서",
TRIPLE,네명이 가기 좋은,GOODTOGO-VERB,"3, 4명이서",
TRIPLE,네명이서 가기 좋은,GOODTOGO-VERB,"3, 4명이서",
TRIPLE,네명 가기 좋은,GOODTOGO-VERB,"3, 4명이서",
TRIPLE,셋이 가기 좋은,GOODTOGO-VERB,"3, 4명이서",
TRIPLE,셋이서 가기 좋은,GOODTOGO-VERB,"3, 4명이서",
TRIPLE,넷이 가기 좋은,GOODTOGO-VERB,"3, 4명이서",
TRIPLE,넷이서 가기 좋은,GOODTOGO-VERB,"3, 4명이서",
GROUP,5명이서 가기 좋은,GOODTOGO-VERB,단체로,
GROUP,5명 가기 좋은,GOODTOGO-VERB,단체로,
GROUP,5명 이상 가기 좋은,GOODTOGO-VERB,단체로,
GROUP,단체로 가기 좋은,GOODTOGO-VERB,단체로,
GROUP,단체 회식으로 가기 좋은,GOODTOGO-VERB,단체로,
GROUP,단체 회식때 가기 좋은,GOODTOGO-VERB,단체로,
GROUP,단체 모임으로 가기 좋은,GOODTOGO-VERB,단체로,
GROUP,단체 모임때 가기 좋은,GOODTOGO-VERB,단체로,
GROUP,6명이서 가기 좋은,GOODTOGO-VERB,단체로,
GROUP,6명 가기 좋은,GOODTOGO-VERB,단체로,
GROUP,6명 이상 가기 좋은,GOODTOGO-VERB,단체로,
GROUP,7명이서 가기 좋은,GOODTOGO-VERB,단체로,
GROUP,7명 가기 좋은,GOODTOGO-VERB,단체로,
GROUP,7명 이상 가기 좋은,GOODTOGO-VERB,단체로,
GROUP,8명이서 가기 좋은,GOODTOGO-VERB,단체로,
GROUP,8명 가기 좋은,GOODTOGO-VERB,단체로,
GROUP,8명 이상 가기 좋은,GOODTOGO-VERB,단체로,
GROUP,9명이서 가기 좋은,GOODTOGO-VERB,단체로,
GROUP,9명 가기 좋은,GOODTOGO-VERB,단체로,
GROUP,9명 이상 가기 좋은,GOODTOGO-VERB,단체로,
GROUP,10명이서 가기 좋은,GOODTOGO-VERB,단체로,
GROUP,10명 가기 좋은,GOODTOGO-VERB,단체로,
GROUP,10명 이상 가기 좋은,GOODTOGO-VERB,단체로,
GROUP,20명이서 가기 좋은,GOODTOGO-VERB,단체로,
GROUP,20명 가기 좋은,GOODTOGO-VERB,단체로,
GROUP,20명 이상 가기 좋은,GOODTOGO-VERB,단체로,
GROUP,다섯명이서 가기 좋은,GOODTOGO-VERB,단체로,
GROUP,다섯명 가기 좋은,GOODTOGO-VERB,단체로,
GROUP,다섯명 이상 가기 좋은,GOODTOGO-VERB,단체로,
GROUP,여섯명이서 가기 좋은,GOODTOGO-VERB,단체로,
GROUP,여섯명 가기 좋은,GOODTOGO-VERB,단체로,
GROUP,여섯명 이상 가기 좋은,GOODTOGO-VERB,단체로,
GROUP,일곱명이서 가기 좋은,GOODTOGO-VERB,단체로,
GROUP,일곱명 가기 좋은,GOODTOGO-VERB,단체로,
GROUP,일곱명 이상 가기 좋은,GOODTOGO-VERB,단체로,
GROUP,여덟명이서 가기 좋은,GOODTOGO-VERB,단체로,
GROUP,여덟명 가기 좋은,GOODTOGO-VERB,단체로,
GROUP,여덟명 이상 가기 좋은,GOODTOGO-VERB,단체로,
GROUP,아홉명이서 가기 좋은,GOODTOGO-VERB,단체로,
GROUP,아홉명 가기 좋은,GOODTOGO-VERB,단체로,
GROUP,아홉명 이상 가기 좋은,GOODTOGO-VERB,단체로,
GROUP,열명이서 가기 좋은,GOODTOGO-VERB,단체로,
GROUP,열명 가기 좋은,GOODTOGO-VERB,단체로,
GROUP,열명 이상 가기 좋은,GOODTOGO-VERB,단체로,
GROUP,스무명이서 가기 좋은,GOODTOGO-VERB,단체로,
GROUP,스무명 가기 좋은,GOODTOGO-VERB,단체로,
GROUP,스무명 이상 가기 좋은,GOODTOGO-VERB,단체로,
GROUP,회식으로 가기 좋은,GOODTOGO-VERB,단체로,
GROUP,회식때 가기 좋은,GOODTOGO-VERB,단체로,
GROUP,모임으로 가기 좋은,GOODTOGO-VERB,단체로,
GROUP,모임때 가기 좋은,GOODTOGO-VERB,단체로,
GROUP,회식모임때 가기 좋은,GOODTOGO-VERB,단체로,
GROUP,단합대회때 가기 좋은,GOODTOGO-VERB,단체로,
